teamstatspk,Team,win_percentage,Min,points,field_goals_made,field_goals_attempted,field_goal_percentage,three_pointers_made,three_pointers_attempted,three_point_percentage,free_throws_made,free_throw_attempted,free_throw_percentage,season,three_point_shooting_volume,three_point_total_contribution
0,Boston Celtics,0.78,3966,9887,3601,7396,48.7,1351,3482,38.8,1334,1654,80.7,2023-24,0.4707950243374797,0.409932234246991
1,Denver Nuggets,0.695,3941,9418,3610,7279,49.6,958,2560,37.4,1240,1628,76.2,2023-24,0.3516966616293447,0.30516033128052666
2,Oklahoma City Thunder,0.695,3961,9847,3653,7324,49.9,1090,2805,38.9,1451,1759,82.5,2023-24,0.3829874385581649,0.33208083680308725
3,Minnesota Timberwolves,0.683,3961,9264,3383,6974,48.5,1037,2681,38.7,1461,1881,77.7,2023-24,0.3844278749641526,0.33581606217616583
4,LA Clippers,0.622,3941,9481,3473,7108,48.9,1036,2719,38.1,1499,1817,82.5,2023-24,0.3825267304445695,0.3278135217804029
5,Dallas Mavericks,0.61,3941,9664,3535,7352,48.1,1197,3242,36.9,1397,1842,75.8,2023-24,0.44096844396082696,0.37158526490066224
6,New York Knicks,0.61,3946,9249,3385,7272,46.5,1083,2936,36.9,1396,1789,78.0,2023-24,0.40374037403740376,0.35128121959130715
7,Milwaukee Bucks,0.598,3961,9756,3538,7258,48.7,1163,3122,37.3,1517,1960,77.4,2023-24,0.4301460457426288,0.3576260762607626
8,New Orleans Pelicans,0.598,3941,9436,3484,7165,48.6,1023,2673,38.3,1445,1873,77.1,2023-24,0.37306350314026515,0.32524374735057227
9,Phoenix Suns,0.598,3956,9532,3482,7063,49.3,1020,2671,38.2,1548,1915,80.8,2023-24,0.3781679173155883,0.3210239194292908
10,Cleveland Cavaliers,0.585,3961,9236,3425,7148,47.9,1108,3016,36.7,1278,1671,76.5,2023-24,0.42193620593172915,0.3598960588999567
11,Indiana Pacers,0.573,3941,10110,3855,7599,50.7,1082,2891,37.4,1318,1685,78.2,2023-24,0.38044479536781156,0.32106824925816024
12,Los Angeles Lakers,0.573,3971,9679,3580,7177,49.9,969,2572,37.7,1550,1983,78.2,2023-24,0.3583670057126933,0.30034094431242897
13,Orlando Magic,0.573,3956,9058,3318,6964,47.6,903,2568,35.2,1519,2002,75.9,2023-24,0.3687535898908673,0.2990726429675425
14,Philadelphia 76ers,0.573,3956,9397,3404,7331,46.4,992,2733,36.3,1597,1934,82.6,2023-24,0.37280043650252354,0.31669681813344686
15,Golden State Warriors,0.561,3966,9657,3582,7515,47.7,1211,3191,38.0,1282,1644,78.0,2023-24,0.42461743180306055,0.37620378999689347
16,Miami Heat,0.561,3951,9032,3266,7022,46.5,1022,2765,37.0,1478,1806,81.8,2023-24,0.39376246083736827,0.33945969884853855
17,Sacramento Kings,0.561,3971,9558,3553,7455,47.7,1178,3219,36.6,1274,1710,74.5,2023-24,0.4317907444668008,0.3697426239799121
18,Houston Rockets,0.5,3971,9375,3425,7459,45.9,1043,2964,35.2,1482,1916,77.3,2023-24,0.39737230191714706,0.33376
19,Chicago Bulls,0.476,3996,9206,3448,7339,47.0,941,2630,35.8,1369,1731,79.1,2023-24,0.35835944951628285,0.30664783836628284
20,Atlanta Hawks,0.439,3971,9703,3529,7584,46.5,1125,3092,36.4,1520,1906,79.7,2023-24,0.40770042194092826,0.34783056786560856
21,Brooklyn Nets,0.39,3961,9050,3334,7307,45.6,1089,3010,36.2,1293,1711,75.6,2023-24,0.4119337621458875,0.36099447513812155
22,Utah Jazz,0.378,3961,9484,3443,7371,46.7,1060,2993,35.4,1538,1853,83.0,2023-24,0.4060507393840727,0.3353015605229861
23,Memphis Grizzlies,0.329,3956,8677,3145,7229,43.5,1071,3097,34.6,1316,1722,76.4,2023-24,0.42841333517775626,0.3702892704851907
24,Toronto Raptors,0.305,3961,9213,3466,7356,47.1,942,2712,34.7,1339,1772,75.6,2023-24,0.36867862969004894,0.3067404754151742
25,San Antonio Spurs,0.268,3966,9192,3438,7436,46.2,1036,2983,34.7,1280,1637,78.2,2023-24,0.4011565357719204,0.3381201044386423
26,Charlotte Hornets,0.256,3946,8740,3281,7133,46.0,989,2788,35.5,1189,1512,78.6,2023-24,0.3908593859526146,0.3394736842105263
27,Portland Trail Blazers,0.256,3976,8722,3227,7356,43.9,939,2723,34.5,1329,1680,79.1,2023-24,0.3701740076128331,0.3229763815638615
28,Washington Wizards,0.183,3946,9327,3523,7493,47.0,1015,2915,34.8,1266,1657,76.4,2023-24,0.3890297611103697,0.3264715342553876
29,Detroit Pistons,0.171,3951,9010,3353,7236,46.3,906,2602,34.8,1398,1780,78.5,2023-24,0.35959093421779986,0.3016648168701443
30,Milwaukee Bucks,0.707,3966,9589,3504,7411,47.3,1217,3306,36.8,1364,1837,74.3,2022-23,0.44609364458237755,0.3807487746376056
31,Boston Celtics,0.695,3996,9671,3460,7278,47.5,1315,3492,37.7,1436,1769,81.2,2022-23,0.47980214344600164,0.4079205873229242
32,Philadelphia 76ers,0.659,3976,9448,3347,6870,48.7,1035,2675,38.7,1719,2058,83.5,2022-23,0.3893740902474527,0.32864098221845894
33,Denver Nuggets,0.646,3951,9495,3574,7088,50.4,969,2559,37.9,1378,1834,75.1,2022-23,0.36103273137697517,0.3061611374407583
34,Cleveland Cavaliers,0.622,3976,9205,3408,6984,48.8,950,2589,36.7,1439,1844,78.0,2022-23,0.3707044673539519,0.309614340032591
35,Memphis Grizzlies,0.622,3956,9587,3585,7551,47.5,985,2807,35.1,1432,1954,73.3,2022-23,0.37173884253741224,0.30822989464900385
36,Sacramento Kings,0.585,3966,9898,3573,7232,49.4,1128,3060,36.9,1624,2055,79.0,2022-23,0.4231194690265487,0.3418872499494847
37,New York Knicks,0.573,3991,9514,3444,7328,47.0,1037,2930,35.4,1589,2087,76.1,2022-23,0.3998362445414847,0.32699180155560226
38,Brooklyn Nets,0.549,3946,9295,3399,6978,48.7,1048,2771,37.8,1449,1811,80.0,2022-23,0.39710518773287473,0.3382463690155998
39,Phoenix Suns,0.549,3956,9319,3453,7388,46.7,1001,2674,37.4,1412,1781,79.3,2022-23,0.3619382782891175,0.32224487605966307
40,Golden State Warriors,0.537,3966,9753,3538,7393,47.9,1363,3540,38.5,1314,1655,79.4,2022-23,0.47883132693088054,0.4192556136573362
41,LA Clippers,0.537,3966,9314,3370,7060,47.7,1041,2734,38.1,1533,1962,78.1,2022-23,0.38725212464589237,0.33530169637105434
42,Miami Heat,0.537,3961,8977,3215,6991,46.0,980,2852,34.4,1567,1885,83.1,2022-23,0.40795308253468743,0.3275036203631503
43,Los Angeles Lakers,0.524,3976,9608,3516,7298,48.2,885,2558,34.6,1691,2182,77.5,2022-23,0.35050698821594956,0.2763322231473772
44,Minnesota Timberwolves,0.512,3966,9494,3515,7167,49.0,997,2731,36.5,1467,1942,75.5,2022-23,0.3810520440909725,0.3150410785759427
45,New Orleans Pelicans,0.512,3971,9378,3447,7180,48.0,899,2468,36.4,1585,2000,79.3,2022-23,0.34373259052924793,0.2875879718490083
46,Atlanta Hawks,0.5,3971,9711,3658,7574,48.3,882,2505,35.2,1513,1850,81.8,2022-23,0.3307367309215738,0.27247451343836887
47,Toronto Raptors,0.5,3961,9254,3434,7489,45.9,880,2626,33.5,1506,1922,78.4,2022-23,0.35064761650420617,0.28528204019883296
48,Chicago Bulls,0.488,3981,9276,3488,7116,49.0,854,2367,36.1,1446,1788,80.9,2022-23,0.3326306913996627,0.27619663648124193
49,Oklahoma City Thunder,0.488,3971,9633,3533,7590,46.5,995,2797,35.6,1572,1944,80.9,2022-23,0.36851119894598156,0.3098723139208969
50,Dallas Mavericks,0.463,3986,9366,3283,6909,47.5,1246,3362,37.1,1554,2057,75.5,2022-23,0.48661166594297295,0.3991031390134529
51,Utah Jazz,0.451,3961,9600,3485,7365,47.3,1094,3099,35.3,1536,1955,78.6,2022-23,0.4207739307535642,0.341875
52,Indiana Pacers,0.427,3951,9535,3444,7345,46.9,1112,3030,36.7,1535,1944,79.0,2022-23,0.41252552756977534,0.3498689040377556
53,Washington Wizards,0.427,3951,9279,3456,7127,48.5,925,2601,35.6,1442,1838,78.5,2022-23,0.36495018942051355,0.29906239896540576
54,Orlando Magic,0.415,3956,9136,3323,7074,47.0,883,2551,34.6,1607,2050,78.4,2022-23,0.36061634153237204,0.2899518388791594
55,Portland Trail Blazers,0.402,3946,9299,3317,7001,47.4,1056,2893,36.5,1609,2021,79.6,2022-23,0.4132266819025853,0.3406817937412625
56,Charlotte Hornets,0.329,3966,9098,3385,7413,45.7,881,2669,33.0,1447,1932,74.9,2022-23,0.3600431674086065,0.29050340734227303
57,Houston Rockets,0.268,3951,9081,3329,7287,45.7,856,2619,32.7,1567,2078,75.4,2022-23,0.35940716344174556,0.28278823918070695
58,San Antonio Spurs,0.268,3971,9269,3533,7593,46.5,911,2640,34.5,1292,1739,74.3,2022-23,0.34768866060845516,0.29485381378789516
59,Detroit Pistons,0.207,3961,9045,3244,7140,45.4,934,2659,35.1,1623,2106,77.1,2022-23,0.3724089635854342,0.3097844112769486
60,Phoenix Suns,0.78,3946,9416,3581,7389,48.5,951,2616,36.4,1303,1635,79.7,2021-22,0.35403978887535525,0.3029949022939677
61,Memphis Grizzlies,0.683,3956,9480,3571,7739,46.1,945,2679,35.3,1393,1898,73.4,2021-22,0.34616875565318517,0.2990506329113924
62,Golden State Warriors,0.646,3946,9102,3323,7087,46.9,1176,3231,36.4,1280,1665,76.9,2021-22,0.45590517849583745,0.38760711931443637
63,Miami Heat,0.646,3971,9022,3246,6954,46.7,1114,2936,37.9,1416,1753,80.8,2021-22,0.42220304860511937,0.37042784305032145
64,Dallas Mavericks,0.634,3951,8858,3222,6982,46.1,1073,3063,35.0,1341,1739,77.1,2021-22,0.43869951303351473,0.3634003160984421
65,Boston Celtics,0.622,3981,9164,3341,7167,46.6,1085,3044,35.6,1397,1713,81.6,2021-22,0.42472443142179434,0.35519423832387603
66,Milwaukee Bucks,0.622,3951,9470,3429,7331,46.8,1153,3151,36.6,1459,1881,77.6,2021-22,0.42981857863865774,0.3652587117212249
67,Philadelphia 76ers,0.622,3961,9015,3230,6932,46.6,950,2608,36.4,1605,1955,82.1,2021-22,0.3762261973456434,0.3161397670549085
68,Utah Jazz,0.598,3946,9316,3327,7067,47.1,1192,3308,36.0,1470,1916,76.7,2021-22,0.46809112777699163,0.38385573207385143
69,Denver Nuggets,0.585,3961,9243,3416,7079,48.3,1039,2944,35.3,1372,1725,79.5,2021-22,0.41587794886283375,0.33722817267121064
70,Toronto Raptors,0.585,3971,8970,3332,7489,44.5,979,2808,34.9,1327,1749,75.9,2021-22,0.37494992655895315,0.3274247491638796
71,Chicago Bulls,0.561,3946,9152,3422,7127,48.0,872,2364,36.9,1436,1766,81.3,2021-22,0.33169636593236984,0.28583916083916083
72,Minnesota Timberwolves,0.561,3956,9507,3411,7458,45.7,1211,3386,35.8,1474,1894,77.8,2021-22,0.4540091177259319,0.3821394761754497
73,Brooklyn Nets,0.537,3951,9258,3442,7251,47.5,940,2602,36.1,1434,1781,80.5,2021-22,0.3588470555785409,0.304601425793908
74,Cleveland Cavaliers,0.537,3946,8839,3255,6940,46.9,953,2686,35.5,1376,1810,76.0,2021-22,0.38703170028818445,0.323452879284987
75,Atlanta Hawks,0.524,3941,9343,3401,7241,47.0,1056,2821,37.4,1485,1829,81.2,2021-22,0.3895870736086176,0.3390773841378572
76,Charlotte Hornets,0.524,3976,9457,3508,7497,46.8,1143,3130,36.5,1298,1753,74.0,2021-22,0.41750033346672,0.362588558739558
77,LA Clippers,0.512,3956,8890,3285,7170,45.8,1047,2802,37.4,1273,1606,79.3,2021-22,0.3907949790794979,0.35331833520809897
78,New York Knicks,0.451,3956,8731,3088,7069,43.7,1082,3029,35.7,1473,1980,74.4,2021-22,0.42849059272881596,0.3717787195052113
79,New Orleans Pelicans,0.439,3951,8962,3294,7212,45.7,873,2629,33.2,1501,1903,78.9,2021-22,0.36453133666112036,0.2922338763668824
80,Washington Wizards,0.427,3966,8907,3327,7056,47.2,860,2512,34.2,1393,1778,78.3,2021-22,0.35600907029478457,0.28965981812057934
81,San Antonio Spurs,0.415,3961,9279,3546,7601,46.7,925,2626,35.2,1262,1673,75.4,2021-22,0.3454808577818708,0.29906239896540576
82,Los Angeles Lakers,0.402,3996,9192,3415,7279,46.9,982,2826,34.7,1380,1884,73.2,2021-22,0.3882401428767688,0.32049608355091386
83,Sacramento Kings,0.366,3961,9045,3321,7223,46.0,937,2722,34.4,1466,1908,76.8,2021-22,0.3768517236605289,0.3107794361525705
84,Portland Trail Blazers,0.329,3946,8711,3161,7144,44.2,1043,3017,34.6,1346,1771,76.0,2021-22,0.4223124300111982,0.35920101021696704
85,Indiana Pacers,0.305,3976,9140,3398,7338,46.3,997,2899,34.4,1347,1754,76.8,2021-22,0.3950667756881984,0.32724288840262583
86,Oklahoma City Thunder,0.293,3961,8506,3141,7310,43.0,991,3066,32.3,1233,1632,75.6,2021-22,0.4194254445964432,0.3495179873030802
87,Detroit Pistons,0.28,3956,8596,3129,7267,43.1,925,2838,32.6,1413,1806,78.2,2021-22,0.3905325443786982,0.3228245695672406
88,Orlando Magic,0.268,3956,8547,3139,7240,43.4,999,3022,33.1,1270,1614,78.7,2021-22,0.41740331491712707,0.35064935064935066
89,Houston Rockets,0.244,3951,8997,3229,7083,45.6,1105,3170,34.9,1434,2010,71.3,2021-22,0.4475504729634336,0.36845615205068355
90,Utah Jazz,0.722,3471,8382,2971,6344,46.8,1205,3098,38.9,1235,1546,79.9,2020-21,0.48833543505674654,0.43128131710808876
91,Phoenix Suns,0.708,3496,8300,3118,6357,49.0,940,2490,37.8,1124,1347,83.4,2020-21,0.39169419537517697,0.3397590361445783
92,Philadelphia 76ers,0.681,3486,8182,2981,6257,47.6,811,2169,37.4,1409,1836,76.7,2020-21,0.34665175003995524,0.29736005866536297
93,Brooklyn Nets,0.667,3481,8537,3106,6289,49.4,1020,2600,39.2,1305,1623,80.4,2020-21,0.413420257592622,0.35843973292725784
94,Denver Nuggets,0.653,3496,8284,3114,6422,48.5,927,2462,37.7,1129,1406,80.3,2020-21,0.3833696667704765,0.33570738773539355
95,LA Clippers,0.653,3456,8209,3009,6242,48.2,1027,2498,41.1,1164,1387,83.9,2020-21,0.40019224607497594,0.37531977098306735
96,Milwaukee Bucks,0.639,3466,8649,3221,6610,48.7,1038,2669,38.9,1169,1539,76.0,2020-21,0.4037821482602118,0.3600416233090531
97,Dallas Mavericks,0.583,3461,8096,2958,6287,47.0,994,2744,36.2,1186,1524,77.8,2020-21,0.43645617941784637,0.3683300395256917
98,Los Angeles Lakers,0.583,3491,7887,2925,6197,47.2,796,2248,35.4,1241,1679,73.9,2020-21,0.3627561723414555,0.302776721186763
99,Portland Trail Blazers,0.583,3461,8360,2973,6558,45.3,1132,2939,38.5,1282,1558,82.3,2020-21,0.4481549252820982,0.4062200956937799
100,Atlanta Hawks,0.569,3481,8186,2937,6281,46.8,895,2402,37.3,1417,1745,81.2,2020-21,0.38242318102213024,0.32799902272172
101,New York Knicks,0.569,3486,7706,2839,6225,45.6,847,2163,39.2,1181,1506,78.4,2020-21,0.3474698795180723,0.32974305735790294
102,Miami Heat,0.556,3476,7781,2824,6029,46.8,932,2606,35.8,1201,1520,79.0,2020-21,0.432244153259247,0.3593368461637322
103,Golden State Warriors,0.542,3461,8187,2973,6347,46.8,1048,2789,37.6,1193,1520,78.5,2020-21,0.43942019851898534,0.3840234518138512
104,Memphis Grizzlies,0.528,3481,8157,3085,6608,46.7,803,2258,35.6,1184,1536,77.1,2020-21,0.34170702179176754,0.2953291651342405
105,Boston Celtics,0.5,3476,8109,2985,6401,46.6,979,2618,37.4,1160,1496,77.5,2020-21,0.40899859396969224,0.3621901590825009
106,Indiana Pacers,0.472,3491,8302,3115,6567,47.4,889,2445,36.4,1183,1493,79.2,2020-21,0.37231612608497033,0.321247892074199
107,Washington Wizards,0.472,3481,8398,3108,6547,47.5,733,2088,35.1,1449,1884,76.9,2020-21,0.31892469833511533,0.26184805906168135
108,Charlotte Hornets,0.458,3471,7881,2875,6324,45.5,985,2666,36.9,1146,1505,76.1,2020-21,0.4215686274509804,0.37495241720593836
109,San Antonio Spurs,0.458,3496,7998,3014,6518,46.2,716,2046,35.0,1254,1584,79.2,2020-21,0.31389996931574105,0.2685671417854464
110,Chicago Bulls,0.431,3476,7969,3035,6380,47.6,904,2446,37.0,995,1258,79.1,2020-21,0.3833855799373041,0.3403187350985067
111,New Orleans Pelicans,0.431,3486,8251,3060,6412,47.7,762,2190,34.8,1369,1878,72.9,2020-21,0.3415470991890206,0.27705732638468067
112,Sacramento Kings,0.431,3461,8189,3067,6382,48.1,874,2400,36.4,1181,1585,74.5,2020-21,0.3760576621748668,0.32018561484918795
113,Toronto Raptors,0.375,3461,8011,2859,6383,44.8,1041,2831,36.8,1252,1536,81.5,2020-21,0.44352185492715024,0.38983897141430535
114,Minnesota Timberwolves,0.319,3481,8073,2932,6546,44.8,944,2706,34.9,1265,1662,76.1,2020-21,0.41338221814848763,0.35079895949461165
115,Cleveland Cavaliers,0.306,3486,7476,2778,6175,45.0,720,2141,33.6,1200,1614,74.3,2020-21,0.3467206477732794,0.28892455858747995
116,Oklahoma City Thunder,0.306,3471,7560,2795,6338,44.1,857,2529,33.9,1113,1536,72.5,2020-21,0.39902177343010414,0.3400793650793651
117,Orlando Magic,0.292,3466,7488,2754,6423,42.9,784,2288,34.3,1196,1543,77.5,2020-21,0.35621983496808346,0.3141025641025641
118,Detroit Pistons,0.278,3486,7676,2783,6162,45.2,832,2370,35.1,1278,1683,75.9,2020-21,0.38461538461538464,0.3251693590411673
119,Houston Rockets,0.236,3461,7833,2826,6372,44.4,992,2923,33.9,1189,1606,74.0,2020-21,0.45872567482736976,0.3799310608962084
120,Milwaukee Bucks,0.767,3519,8663,3160,6638,47.6,1007,2840,35.5,1336,1800,74.2,2019-20,0.4278397107562519,0.34872446034860904
121,Toronto Raptors,0.736,3476,8118,2897,6331,45.8,995,2663,37.4,1329,1670,79.6,2019-20,0.4206286526615069,0.3677014042867701
122,Los Angeles Lakers,0.732,3418,8054,3006,6269,48.0,782,2242,34.9,1260,1728,72.9,2019-20,0.35763279629925027,0.29128383411969205
123,LA Clippers,0.681,3476,8377,2992,6425,46.6,895,2410,37.1,1498,1894,79.1,2019-20,0.37509727626459144,0.3205204727229318
124,Boston Celtics,0.667,3486,8183,2971,6448,46.1,905,2487,36.4,1336,1668,80.1,2019-20,0.3857009925558313,0.33178540877428814
125,Denver Nuggets,0.63,3549,8124,3069,6488,47.3,801,2234,35.9,1185,1526,77.7,2019-20,0.34432799013563503,0.29579025110782864
126,Indiana Pacers,0.616,3524,7989,3075,6457,47.6,743,2046,36.3,1096,1393,78.7,2019-20,0.31686541737649065,0.2790086368757041
127,Houston Rockets,0.611,3476,8482,2936,6512,45.1,1126,3261,34.5,1484,1876,79.1,2019-20,0.5007678132678133,0.3982551285074275
128,Oklahoma City Thunder,0.611,3486,7950,2879,6156,46.8,770,2171,35.5,1422,1787,79.6,2019-20,0.3526640675763483,0.29056603773584905
129,Utah Jazz,0.611,3471,8013,2886,6130,47.1,963,2537,38.0,1278,1641,77.9,2019-20,0.4138662316476346,0.36053912392362414
130,Miami Heat,0.603,3549,8179,2880,6160,46.8,979,2584,37.9,1440,1840,78.3,2019-20,0.41948051948051945,0.3590903533439296
131,Philadelphia 76ers,0.589,3519,8084,3000,6417,46.8,848,2307,36.8,1236,1638,75.5,2019-20,0.3595137914913511,0.31469569520039586
132,Dallas Mavericks,0.573,3635,8776,3124,6772,46.1,1136,3095,36.7,1392,1787,77.9,2019-20,0.45702894270525696,0.38833181403828626
133,Brooklyn Nets,0.486,3496,8048,2908,6498,44.8,941,2746,34.3,1291,1732,74.5,2019-20,0.422591566635888,0.3507703777335984
134,Portland Trail Blazers,0.473,3567,8508,3122,6749,46.3,952,2525,37.7,1312,1632,80.4,2019-20,0.3741295006667654,0.33568406205923834
135,Memphis Grizzlies,0.466,3514,8222,3106,6634,46.8,798,2297,34.7,1212,1589,76.3,2019-20,0.34624660838106724,0.2911700316224763
136,Phoenix Suns,0.466,3519,8294,3006,6429,46.8,831,2320,35.8,1451,1740,83.4,2019-20,0.36086483123347335,0.30057873161321436
137,Orlando Magic,0.452,3514,7831,2871,6468,44.4,807,2354,34.3,1282,1656,77.4,2019-20,0.36394557823129253,0.30915591878431875
138,San Antonio Spurs,0.451,3443,8098,2995,6350,47.2,760,2021,37.6,1348,1664,81.0,2019-20,0.31826771653543307,0.28155100024697455
139,Sacramento Kings,0.431,3491,7927,2943,6364,46.2,914,2511,36.4,1127,1464,77.0,2019-20,0.39456316781898176,0.345906395862243
140,New Orleans Pelicans,0.417,3486,8341,3065,6598,46.5,982,2656,37.0,1229,1687,72.9,2019-20,0.40254622612913005,0.3531950605442992
141,Charlotte Hornets,0.354,3150,6687,2425,5586,43.4,785,2231,35.2,1052,1406,74.8,2019-20,0.399391335481561,0.3521758636159713
142,Washington Wizards,0.347,3471,8238,2990,6544,45.7,864,2345,36.8,1394,1770,78.8,2019-20,0.35834352078239606,0.314639475600874
143,Chicago Bulls,0.338,3135,6945,2573,5762,44.7,793,2282,34.8,1006,1332,75.5,2019-20,0.396043040610899,0.34254859611231103
144,New York Knicks,0.318,3193,6983,2638,5896,44.7,631,1872,33.7,1076,1550,69.4,2019-20,0.3175033921302578,0.27108692539023344
145,Detroit Pistons,0.303,3193,7078,2595,5658,45.9,791,2157,36.7,1097,1476,74.3,2019-20,0.3812301166489926,0.33526419892625037
146,Atlanta Hawks,0.299,3256,7488,2723,6067,44.9,805,2416,33.3,1237,1566,79.0,2019-20,0.39821987802867975,0.32251602564102566
147,Minnesota Timberwolves,0.297,3112,7248,2586,5865,44.1,853,2540,33.6,1223,1624,75.3,2019-20,0.43307757885763,0.3530629139072848
148,Cleveland Cavaliers,0.292,3145,6948,2619,5715,45.8,727,2070,35.1,983,1296,75.8,2019-20,0.36220472440944884,0.31390328151986185
149,Golden State Warriors,0.231,3145,6912,2510,5730,43.8,678,2032,33.4,1214,1511,80.3,2019-20,0.35462478184991275,0.2942708333333333
150,Milwaukee Bucks,0.732,3956,9686,3555,7471,47.6,1105,3134,35.3,1471,1904,77.3,2018-19,0.41948868959978586,0.3422465413999587
151,Toronto Raptors,0.707,3976,9384,3460,7305,47.4,1015,2771,36.6,1449,1803,80.4,2018-19,0.3793292265571526,0.32448849104859334
152,Golden State Warriors,0.695,3961,9650,3612,7361,49.1,1087,2824,38.5,1339,1672,80.1,2018-19,0.38364352669474255,0.33792746113989636
153,Denver Nuggets,0.659,3946,9075,3439,7384,46.6,903,2571,35.1,1294,1714,75.5,2018-19,0.3481852654387866,0.29851239669421487
154,Houston Rockets,0.646,3966,9341,3218,7163,44.9,1323,3721,35.6,1582,2001,79.1,2018-19,0.5194750802736283,0.42490097419976447
155,Portland Trail Blazers,0.646,3971,9402,3470,7427,46.7,904,2520,35.9,1558,1914,81.4,2018-19,0.3393025447690858,0.28844926611359284
156,Philadelphia 76ers,0.622,3961,9445,3407,7233,47.1,889,2474,35.9,1742,2258,77.1,2018-19,0.34204341213880823,0.2823716251985177
157,Utah Jazz,0.61,3951,9161,3314,7082,46.8,993,2789,35.6,1540,2092,73.6,2018-19,0.39381530641061846,0.32518284030127714
158,Boston Celtics,0.598,3956,9216,3451,7423,46.5,1032,2829,36.5,1282,1598,80.2,2018-19,0.38111275764515695,0.3359375
159,Oklahoma City Thunder,0.598,3971,9387,3497,7706,45.4,932,2677,34.8,1461,2049,71.3,2018-19,0.3473916428756813,0.29785874081176095
160,Indiana Pacers,0.585,3941,8857,3390,7135,47.5,779,2081,37.4,1298,1727,75.2,2018-19,0.29166082690960055,0.2638590945015242
161,LA Clippers,0.585,3966,9442,3384,7178,47.1,821,2118,38.8,1853,2340,79.2,2018-19,0.2950682641404291,0.260855750900233
162,San Antonio Spurs,0.585,3961,9156,3468,7248,47.8,812,2071,39.2,1408,1720,81.9,2018-19,0.28573399558498896,0.26605504587155965
163,Brooklyn Nets,0.512,3996,9204,3301,7358,44.9,1047,2965,35.3,1555,2088,74.5,2018-19,0.40296276162000544,0.341264667535854
164,Orlando Magic,0.512,3956,8800,3316,7307,45.4,937,2633,35.6,1231,1575,78.2,2018-19,0.3603394005747913,0.3194318181818182
165,Detroit Pistons,0.5,3971,8778,3185,7238,44.0,993,2854,34.8,1415,1893,74.7,2018-19,0.39430781983973473,0.3393711551606288
166,Charlotte Hornets,0.476,3966,9081,3297,7362,44.8,977,2783,35.1,1510,1895,79.7,2018-19,0.37802227655528386,0.3227618103733069
167,Miami Heat,0.476,3946,8668,3251,7218,45.0,928,2658,34.9,1238,1782,69.5,2018-19,0.36824605153782214,0.32118135671435166
168,Sacramento Kings,0.476,3946,9363,3541,7637,46.4,927,2455,37.8,1354,1865,72.6,2018-19,0.32146130679586227,0.2970201858378725
169,Los Angeles Lakers,0.451,3956,9165,3491,7425,47.0,847,2541,33.3,1336,1910,69.9,2018-19,0.3422222222222222,0.2772504091653028
170,Minnesota Timberwolves,0.439,3966,9223,3413,7483,45.6,827,2357,35.1,1570,1995,78.7,2018-19,0.3149806227448884,0.26900140951967905
171,Dallas Mavericks,0.402,3956,8927,3182,7122,44.7,1022,3002,34.0,1541,2076,74.2,2018-19,0.42151081156978376,0.34345244763078303
172,Memphis Grizzlies,0.402,3976,8490,3113,6924,45.0,811,2368,34.2,1453,1882,77.2,2018-19,0.341998844598498,0.2865724381625442
173,New Orleans Pelicans,0.402,3951,9466,3581,7563,47.3,842,2449,34.4,1462,1921,76.1,2018-19,0.32381330159989424,0.26684977815339106
174,Washington Wizards,0.39,3986,9350,3456,7387,46.8,930,2731,34.1,1508,1963,76.8,2018-19,0.36970353323405986,0.2983957219251337
175,Atlanta Hawks,0.354,3971,9294,3392,7524,45.1,1067,3034,35.2,1443,1918,75.2,2018-19,0.40324295587453485,0.3444157520981278
176,Chicago Bulls,0.268,3981,8605,3266,7205,45.3,745,2123,35.1,1328,1695,78.3,2018-19,0.29465648854961835,0.2597327135386403
177,Cleveland Cavaliers,0.232,3951,8567,3189,7184,44.4,847,2388,35.5,1342,1694,79.2,2018-19,0.33240534521158127,0.2966032450099218
178,Phoenix Suns,0.232,3976,8815,3289,7164,45.9,790,2400,32.9,1447,1858,77.9,2018-19,0.33500837520938026,0.2688598979013046
179,New York Knicks,0.207,3956,8575,3134,7241,43.3,823,2421,34.0,1484,1956,75.9,2018-19,0.33434608479491784,0.28793002915451893
180,Houston Rockets,0.793,3951,9213,3174,6906,46.0,1256,3470,36.2,1609,2061,78.1,2017-18,0.5024616275702288,0.40898730055356564
181,Toronto Raptors,0.72,3966,9156,3383,7169,47.2,968,2705,35.8,1422,1790,79.4,2017-18,0.3773190124145627,0.31716906946264745
182,Golden State Warriors,0.707,3946,9304,3509,6979,50.3,926,2369,39.1,1360,1668,81.5,2017-18,0.3394469121650666,0.2985812553740327
183,Boston Celtics,0.671,3961,8529,3141,6975,45.0,939,2492,37.7,1308,1697,77.1,2017-18,0.35727598566308244,0.33028491030601476
184,Philadelphia 76ers,0.634,3956,9004,3349,7098,47.2,901,2445,36.9,1405,1868,75.2,2017-18,0.3444632290786137,0.30019991115059974
185,Cleveland Cavaliers,0.61,3946,9091,3311,6950,47.6,981,2636,37.2,1488,1909,77.9,2017-18,0.37928057553956834,0.32372676273237266
186,Portland Trail Blazers,0.598,3951,8661,3222,7132,45.2,845,2308,36.6,1372,1715,80.0,2017-18,0.3236118900729108,0.29269137512989263
187,Indiana Pacers,0.585,3951,8656,3345,7083,47.2,741,2010,36.9,1225,1573,77.9,2017-18,0.28377806014400675,0.25681608133086875
188,New Orleans Pelicans,0.585,3991,9161,3500,7241,48.3,837,2312,36.2,1324,1716,77.2,2017-18,0.31929291534318466,0.27409671433249644
189,Oklahoma City Thunder,0.585,3966,8844,3271,7221,45.3,881,2491,35.4,1421,1985,71.6,2017-18,0.3449660711812768,0.29884667571234735
190,Utah Jazz,0.585,3951,8540,3139,6797,46.2,887,2425,36.6,1375,1766,77.9,2017-18,0.3567750478152126,0.3115925058548009
191,Minnesota Timberwolves,0.573,3961,8980,3365,7063,47.6,658,1845,35.7,1592,1980,80.4,2017-18,0.2612204445702959,0.2198218262806236
192,San Antonio Spurs,0.573,3946,8424,3202,6999,45.7,696,1977,35.2,1324,1715,77.2,2017-18,0.28246892413201885,0.24786324786324787
193,Denver Nuggets,0.561,3976,9020,3338,7102,47.0,940,2536,37.1,1404,1830,76.7,2017-18,0.3570825119684596,0.31263858093126384
194,Miami Heat,0.537,3986,8480,3184,6997,45.5,903,2506,36.0,1209,1601,75.5,2017-18,0.35815349435472343,0.31945754716981134
195,Milwaukee Bucks,0.537,3966,8731,3257,6807,47.8,718,2024,35.5,1499,1915,78.3,2017-18,0.29734097252827973,0.24670713549421602
196,Washington Wizards,0.524,3971,8742,3275,7018,46.7,814,2173,37.5,1378,1786,77.2,2017-18,0.30963237389569676,0.27934111187371313
197,LA Clippers,0.512,3941,8937,3302,7004,47.1,777,2196,35.4,1556,2095,74.3,2017-18,0.31353512278697887,0.2608257804632427
198,Detroit Pistons,0.476,3961,8509,3208,7129,45.0,886,2373,37.3,1207,1621,74.5,2017-18,0.33286575957357273,0.312375132212951
199,Charlotte Hornets,0.439,3956,8874,3197,7106,45.0,824,2233,36.9,1656,2216,74.7,2017-18,0.3142414860681115,0.27856659905341447
200,Los Angeles Lakers,0.427,3981,8862,3338,7248,46.1,822,2384,34.5,1364,1910,71.4,2017-18,0.32891832229580575,0.27826675693974273
201,New York Knicks,0.354,3966,8566,3334,7193,46.4,673,1914,35.2,1225,1557,78.7,2017-18,0.2660920339218685,0.23569927620826522
202,Brooklyn Nets,0.341,3971,8741,3136,7114,44.1,1041,2924,35.6,1428,1850,77.2,2017-18,0.41102052291256674,0.357281775540556
203,Chicago Bulls,0.329,3971,8440,3170,7285,43.5,906,2549,35.5,1194,1574,75.9,2017-18,0.34989704873026767,0.32203791469194315
204,Sacramento Kings,0.329,3951,8104,3179,7063,45.0,738,1967,37.5,1008,1371,73.5,2017-18,0.27849355797819625,0.2731984205330701
205,Orlando Magic,0.305,3946,8479,3182,7042,45.2,844,2405,35.1,1271,1678,75.7,2017-18,0.34152229480261287,0.29862012029720486
206,Atlanta Hawks,0.293,3941,8475,3130,7015,44.6,917,2544,36.0,1298,1654,78.5,2017-18,0.36265146115466856,0.3246017699115044
207,Dallas Mavericks,0.293,3961,8390,3128,7042,44.4,967,2688,36.0,1167,1530,76.3,2017-18,0.3817097415506958,0.3457687723480334
208,Memphis Grizzlies,0.268,3941,8145,3013,6788,44.4,758,2152,35.2,1361,1732,78.6,2017-18,0.3170300530347672,0.27918968692449353
209,Phoenix Suns,0.256,3941,8522,3153,7141,44.2,763,2286,33.4,1453,1962,74.1,2017-18,0.3201232320403305,0.268598920441211
210,Golden State Warriors,0.817,3956,9503,3532,7140,49.5,982,2562,38.3,1457,1850,78.8,2016-17,0.3588235294117647,0.3100073660949174
211,San Antonio Spurs,0.744,3961,8637,3222,6864,46.9,753,1927,39.1,1440,1806,79.7,2016-17,0.28074009324009325,0.2615491490100729
212,Houston Rockets,0.671,3956,9458,3305,7152,46.2,1181,3306,35.7,1667,2177,76.6,2016-17,0.462248322147651,0.374603510255868
213,Boston Celtics,0.646,3951,8857,3168,6977,45.4,985,2741,35.9,1536,1903,80.7,2016-17,0.3928622617170704,0.3336344134582816
214,Cleveland Cavaliers,0.622,3976,9048,3275,6963,47.0,1067,2779,38.4,1431,1913,74.8,2016-17,0.39910957920436596,0.35377984084880637
215,LA Clippers,0.622,3951,8911,3242,6820,47.5,841,2245,37.5,1586,2128,74.5,2016-17,0.3291788856304985,0.2831332061497026
216,Toronto Raptors,0.622,3956,8762,3211,6918,46.4,725,1996,36.3,1615,2028,79.6,2016-17,0.2885226944203527,0.24823099748915772
217,Utah Jazz,0.622,3951,8258,3033,6515,46.6,791,2128,37.2,1401,1875,74.7,2016-17,0.3266308518802763,0.28735771373213853
218,Washington Wizards,0.598,3971,8953,3388,7137,47.5,756,2030,37.2,1421,1812,78.4,2016-17,0.28443323525290737,0.253322908522283
219,Oklahoma City Thunder,0.573,3961,8741,3237,7169,45.2,692,2116,32.7,1575,2113,74.5,2016-17,0.29515971544148417,0.23750143004232926
220,Atlanta Hawks,0.524,3976,8459,3123,6918,45.1,729,2137,34.1,1484,2039,72.8,2016-17,0.3089043076033536,0.2585411987232533
221,Memphis Grizzlies,0.524,3981,8239,2984,6854,43.5,767,2169,35.4,1504,1918,78.4,2016-17,0.31645754304056023,0.27928146619735406
222,Indiana Pacers,0.512,3971,8618,3221,6931,46.5,709,1885,37.6,1467,1811,81.0,2016-17,0.2719665271966527,0.24680900440937573
223,Milwaukee Bucks,0.512,3956,8497,3182,6715,47.4,720,1946,37.0,1413,1839,76.8,2016-17,0.2897989575577066,0.25420736730610805
224,Chicago Bulls,0.5,3956,8435,3169,7141,44.4,623,1831,34.0,1474,1848,79.8,2016-17,0.2564066657330906,0.22157676348547717
225,Miami Heat,0.5,3956,8460,3202,7037,45.5,808,2213,36.5,1248,1768,70.6,2016-17,0.314480602529487,0.2865248226950355
226,Portland Trail Blazers,0.5,3986,8851,3243,7059,45.9,852,2272,37.5,1513,1940,78.0,2016-17,0.3218586202011616,0.2887809287086205
227,Denver Nuggets,0.488,3951,9161,3377,7194,46.9,870,2365,36.8,1537,1986,77.4,2016-17,0.3287461773700306,0.2849033948258924
228,Detroit Pistons,0.451,3961,8309,3269,7282,44.9,631,1915,33.0,1140,1586,71.9,2016-17,0.26297720406481734,0.22782524972920928
229,Charlotte Hornets,0.439,3966,8601,3093,7000,44.2,824,2347,35.1,1591,1953,81.5,2016-17,0.3352857142857143,0.28740844087896755
230,New Orleans Pelicans,0.415,3981,8556,3210,7130,45.0,768,2196,35.0,1368,1825,75.0,2016-17,0.30799438990182326,0.26928471248246844
231,Dallas Mavericks,0.402,3956,8029,2968,6750,44.0,878,2473,35.5,1215,1516,80.1,2016-17,0.36637037037037035,0.3280607796736829
232,Sacramento Kings,0.39,3976,8430,3105,6734,46.1,737,1960,37.6,1483,1913,77.5,2016-17,0.2910602910602911,0.26227758007117435
233,Minnesota Timberwolves,0.378,3961,8657,3235,6922,46.7,601,1723,34.9,1586,1986,79.9,2016-17,0.2489164981219301,0.20827076354395288
234,New York Knicks,0.378,3971,8556,3244,7256,44.7,704,2022,34.8,1364,1731,78.8,2016-17,0.27866593164277836,0.24684431977559607
235,Orlando Magic,0.354,3961,8288,3139,7133,44.0,701,2139,32.8,1309,1753,74.7,2016-17,0.299873825879714,0.2537403474903475
236,Philadelphia 76ers,0.341,3966,8400,3088,6992,44.2,831,2443,34.0,1393,1806,77.1,2016-17,0.34939931350114417,0.29678571428571426
237,Los Angeles Lakers,0.317,3941,8575,3224,7164,45.0,730,2110,34.6,1397,1853,75.4,2016-17,0.2945281965382468,0.2553935860058309
238,Phoenix Suns,0.293,3966,8831,3270,7260,45.0,615,1854,33.2,1676,2159,77.6,2016-17,0.2553719008264463,0.20892311176537198
239,Brooklyn Nets,0.244,3951,8673,3102,6987,44.4,877,2591,33.8,1592,2020,78.8,2016-17,0.37083154429655074,0.30335524040124523
240,Golden State Warriors,0.89,3976,9421,3489,7159,48.7,1077,2592,41.6,1366,1790,76.3,2015-16,0.3620617404665456,0.3429572232247107
241,San Antonio Spurs,0.817,3941,8490,3289,6797,48.4,570,1518,37.5,1342,1672,80.3,2015-16,0.22333382374577018,0.20141342756183744
242,Cleveland Cavaliers,0.695,3971,8555,3171,6888,46.0,880,2428,36.2,1333,1783,74.8,2015-16,0.3524970963995354,0.3085914669783752
243,Toronto Raptors,0.683,3956,8422,3006,6669,45.1,708,1915,37.0,1702,2190,77.7,2015-16,0.2871494976758135,0.2521966278793636
244,Oklahoma City Thunder,0.671,3966,9038,3372,7082,47.6,678,1945,34.9,1616,2067,78.2,2015-16,0.274639932222536,0.22504978977649923
245,LA Clippers,0.646,3966,8569,3141,6759,46.5,797,2190,36.4,1490,2152,69.2,2015-16,0.32401242787394585,0.27902905823316604
246,Atlanta Hawks,0.585,3966,8433,3168,6923,45.8,815,2326,35.0,1282,1638,78.3,2015-16,0.33598151090567674,0.28993240839558876
247,Boston Celtics,0.585,3956,8669,3216,7318,43.9,717,2142,33.5,1520,1929,78.8,2015-16,0.29270292429625583,0.24812550467181912
248,Charlotte Hornets,0.585,3971,8479,3036,6922,43.9,873,2410,36.2,1534,1941,79.0,2015-16,0.3481652701531349,0.30888076424106614
249,Miami Heat,0.585,3966,8204,3150,6697,47.0,498,1480,33.6,1406,1889,74.4,2015-16,0.22099447513812154,0.18210628961482203
250,Indiana Pacers,0.549,3976,8377,3142,6985,45.0,663,1889,35.1,1430,1872,76.4,2015-16,0.270436649964209,0.23743583621821654
251,Detroit Pistons,0.537,3976,8361,3111,7087,43.9,740,2148,34.5,1399,2095,66.8,2015-16,0.3030901650910117,0.2655184786508791
252,Portland Trail Blazers,0.537,3961,8622,3167,7040,45.0,864,2336,37.0,1424,1889,75.4,2015-16,0.33181818181818185,0.30062630480167013
253,Chicago Bulls,0.512,3981,8335,3165,7170,44.1,651,1753,37.1,1354,1720,78.7,2015-16,0.24449093444909345,0.2343131373725255
254,Dallas Mavericks,0.512,4001,8388,3064,6900,44.4,806,2342,34.4,1454,1831,79.4,2015-16,0.33942028985507244,0.2882689556509299
255,Memphis Grizzlies,0.512,3966,8126,3019,6859,44.0,504,1521,33.1,1584,2024,78.3,2015-16,0.2217524420469456,0.1860694068422348
256,Houston Rockets,0.5,3966,8737,3094,6847,45.2,878,2533,34.7,1671,2407,69.4,2015-16,0.36994304074777273,0.3014764793407348
257,Washington Wizards,0.5,3951,8534,3238,7033,46.0,709,1983,35.8,1349,1849,73.0,2015-16,0.28195649082894925,0.24923834075462856
258,Utah Jazz,0.488,3991,8010,2957,6593,44.9,694,1956,35.5,1402,1885,74.4,2015-16,0.296678295161535,0.2599250936329588
259,Orlando Magic,0.427,3981,8369,3242,7120,45.5,636,1818,35.0,1249,1649,75.7,2015-16,0.25533707865168537,0.22798422750627315
260,Denver Nuggets,0.402,3966,8355,3093,7003,44.2,656,1943,33.8,1513,1974,76.6,2015-16,0.2774525203484221,0.2355475763016158
261,Milwaukee Bucks,0.402,3966,8122,3145,6740,46.7,440,1277,34.5,1392,1863,74.7,2015-16,0.18946587537091988,0.16252154641713865
262,Sacramento Kings,0.402,3961,8740,3283,7083,46.4,660,1839,35.9,1514,2089,72.5,2015-16,0.2596357475645913,0.22654462242562928
263,New York Knicks,0.39,3961,8065,3022,6886,43.9,610,1762,34.6,1411,1753,80.5,2015-16,0.2558814986930003,0.226906385616863
264,New Orleans Pelicans,0.366,3956,8423,3153,7040,44.8,702,1951,36.0,1415,1823,77.6,2015-16,0.27713068181818185,0.25002968063635284
265,Minnesota Timberwolves,0.354,3976,8398,3095,6668,46.4,455,1347,33.8,1753,2213,79.2,2015-16,0.20200959808038393,0.16253869969040247
266,Phoenix Suns,0.28,3941,8271,3051,7018,43.5,738,2118,34.8,1431,1905,75.1,2015-16,0.3017953833000855,0.2676822633297062
267,Brooklyn Nets,0.256,3951,8089,3136,6920,45.3,531,1508,35.2,1286,1699,75.7,2015-16,0.21791907514450867,0.19693410804796638
268,Los Angeles Lakers,0.207,3946,7982,2880,6956,41.4,639,2016,31.7,1583,2028,78.1,2015-16,0.2898217366302473,0.24016537208719618
269,Philadelphia 76ers,0.122,3961,7988,2970,6887,43.1,764,2255,33.9,1284,1850,69.4,2015-16,0.3274284884565123,0.28693039559339006
270,Golden State Warriors,0.817,3946,9016,3410,7137,47.8,883,2217,39.8,1313,1709,76.8,2014-15,0.31063472047078605,0.29381100266193433
271,Atlanta Hawks,0.732,3946,8409,3121,6699,46.6,818,2152,38.0,1349,1735,77.8,2014-15,0.32124197641439023,0.29183018194791294
272,Houston Rockets,0.683,3961,8522,3032,6832,44.4,933,2680,34.8,1525,2133,71.5,2014-15,0.39227166276346603,0.3284440272236564
273,Los Angeles Clippers,0.683,3946,8751,3228,6830,47.3,827,2202,37.6,1468,2067,71.0,2014-15,0.32240117130307466,0.28351045594789165
274,Memphis Grizzlies,0.671,3981,8062,3097,6763,45.8,423,1246,33.9,1445,1869,77.3,2014-15,0.18423776430578145,0.15740511039444308
275,San Antonio Spurs,0.671,3991,8461,3208,6854,46.8,677,1847,36.7,1368,1754,78.0,2014-15,0.26947767726874816,0.24004254816215578
276,Cleveland Cavaliers,0.646,3956,8457,3089,6739,45.8,826,2253,36.7,1453,1934,75.1,2014-15,0.33432259979225404,0.2930117062788223
277,Portland Trail Blazers,0.622,3971,8429,3175,7049,45.0,807,2231,36.2,1272,1589,80.1,2014-15,0.3164987941551993,0.2872226835923597
278,Chicago Bulls,0.61,3976,8265,3001,6797,44.2,645,1825,35.3,1618,2067,78.3,2014-15,0.2685008091805208,0.23411978221415608
279,Dallas Mavericks,0.61,3976,8628,3255,7036,46.3,732,2082,35.2,1386,1843,75.2,2014-15,0.29590676520750425,0.2545201668984701
280,Toronto Raptors,0.598,3971,8527,3108,6829,45.5,726,2060,35.2,1585,2014,78.7,2014-15,0.3016547078635232,0.2554239474610062
281,Washington Wizards,0.561,3991,8080,3139,6790,46.2,497,1381,36.0,1305,1758,74.2,2014-15,0.20338733431516937,0.18452970297029703
282,New Orleans Pelicans,0.549,3956,8147,3108,6795,45.7,586,1583,37.0,1345,1790,75.1,2014-15,0.2329654157468727,0.2157849515158954
283,Oklahoma City Thunder,0.549,3966,8524,3184,7119,44.7,632,1864,33.9,1524,2020,75.4,2014-15,0.261834527321253,0.22243078366963867
284,Milwaukee Bucks,0.5,3986,8023,3083,6722,45.9,545,1500,36.3,1312,1734,75.7,2014-15,0.22314787265694733,0.20378910631933192
285,Boston Celtics,0.488,3976,8312,3193,7211,44.3,660,2021,32.7,1266,1678,75.4,2014-15,0.2802662598807378,0.23820981713185754
286,Phoenix Suns,0.476,3976,8397,3178,7038,45.2,698,2048,34.1,1343,1767,76.0,2014-15,0.29099175902244956,0.24937477670596642
287,Brooklyn Nets,0.463,3986,8038,3069,6804,45.1,541,1633,33.1,1359,1817,74.8,2014-15,0.2400058788947678,0.20191589947748195
288,Indiana Pacers,0.463,3971,7981,2998,6824,43.9,612,1740,35.2,1373,1817,75.6,2014-15,0.25498241500586166,0.23004636010524998
289,Utah Jazz,0.463,3941,7801,2900,6492,44.7,610,1781,34.3,1391,1929,72.1,2014-15,0.27433764633394947,0.23458530957569543
290,Miami Heat,0.451,3946,7764,2885,6330,45.6,556,1659,33.5,1438,1940,74.1,2014-15,0.262085308056872,0.21483771251931993
291,Charlotte Hornets,0.402,3981,7721,2913,6932,42.0,498,1566,31.8,1397,1867,74.8,2014-15,0.22590882862088862,0.1934982515218236
292,Detroit Pistons,0.39,3966,8077,3041,7038,43.2,703,2043,34.4,1292,1838,70.3,2014-15,0.29028132992327366,0.2611117989352482
293,Denver Nuggets,0.366,3976,8320,3099,7158,43.3,660,2032,32.5,1462,1991,73.4,2014-15,0.2838781782620844,0.23798076923076922
294,Sacramento Kings,0.354,3971,8310,3010,6617,45.5,461,1350,34.1,1829,2400,76.2,2014-15,0.20401994861719813,0.1664259927797834
295,Orlando Magic,0.305,3951,7847,3076,6792,45.3,554,1598,34.7,1141,1565,72.9,2014-15,0.23527679623085984,0.21180068816108066
296,Los Angeles Lakers,0.256,3986,8073,3054,7020,43.5,532,1546,34.4,1433,1935,74.1,2014-15,0.22022792022792023,0.19769602378298032
297,Philadelphia 76ers,0.22,3961,7542,2765,6777,40.8,692,2160,32.0,1320,1953,67.6,2014-15,0.3187250996015936,0.2752585521081941
298,New York Knicks,0.207,3971,7535,2882,6726,42.8,560,1614,34.7,1211,1575,76.9,2014-15,0.23996431757359502,0.22295952222959523
299,Minnesota Timberwolves,0.195,3961,8016,2986,6820,43.8,406,1223,33.2,1638,2110,77.6,2014-15,0.17932551319648093,0.15194610778443113
300,San Antonio Spurs,0.756,3951,8639,3326,6844,48.6,698,1757,39.7,1289,1642,78.5,2013-14,0.25672121566335476,0.2423891654126635
301,Oklahoma City Thunder,0.72,3961,8705,3194,6782,47.1,664,1839,36.1,1653,2052,80.6,2013-14,0.27115895016219405,0.22883400344629523
302,Los Angeles Clippers,0.695,3951,8850,3208,6761,47.4,693,1966,35.2,1741,2384,73.0,2013-14,0.29078538677710397,0.23491525423728812
303,Indiana Pacers,0.683,3956,7933,2949,6573,44.9,550,1542,35.7,1485,1907,77.9,2013-14,0.2345960748516659,0.20799193243413588
304,Houston Rockets,0.659,3966,8829,3118,6603,47.2,779,2179,35.8,1814,2549,71.2,2013-14,0.3300015144631228,0.26469588854909953
305,Miami Heat,0.659,3976,8380,3142,6272,50.1,665,1829,36.4,1431,1884,76.0,2013-14,0.29161352040816324,0.23806682577565633
306,Portland Trail Blazers,0.659,3971,8753,3207,7134,45.0,770,2071,37.2,1569,1926,81.5,2013-14,0.2902999719652369,0.2639095167371187
307,Golden State Warriors,0.622,3966,8549,3236,7005,46.2,774,2037,38.0,1303,1731,75.3,2013-14,0.2907922912205567,0.2716107147034741
308,Memphis Grizzlies,0.61,3961,7884,3122,6723,46.4,405,1147,35.3,1235,1666,74.1,2013-14,0.17060835936337945,0.1541095890410959
309,Dallas Mavericks,0.598,3966,8597,3249,6858,47.4,721,1877,38.4,1378,1733,79.5,2013-14,0.273694954797317,0.2515993951378388
310,Chicago Bulls,0.585,3986,7680,2843,6577,43.2,508,1459,34.8,1486,1908,77.9,2013-14,0.2218336627641782,0.1984375
311,Phoenix Suns,0.585,3951,8629,3172,6845,46.3,765,2055,37.2,1520,2004,75.8,2013-14,0.3002191380569759,0.2659636110789199
312,Toronto Raptors,0.585,3991,8305,2992,6718,44.5,713,1917,37.2,1608,2055,78.2,2013-14,0.28535278356653765,0.2575556893437688
313,Brooklyn Nets,0.537,3976,8079,2931,6391,45.9,709,1922,36.9,1508,2002,75.3,2013-14,0.3007354091691441,0.26327515781656147
314,Washington Wizards,0.537,4011,8254,3177,6920,45.9,647,1704,38.0,1253,1715,73.1,2013-14,0.24624277456647398,0.2351587109280349
315,Charlotte Bobcats,0.524,3981,7942,2976,6730,44.2,516,1471,35.1,1474,2000,73.7,2013-14,0.2185735512630015,0.19491312012087636
316,Minnesota Timberwolves,0.488,3971,8768,3189,7175,44.4,600,1757,34.1,1790,2301,77.8,2013-14,0.2448780487804878,0.20529197080291972
317,Atlanta Hawks,0.463,3966,8282,3061,6688,45.8,768,2116,36.3,1392,1782,78.1,2013-14,0.31638755980861244,0.2781936730258392
318,New York Knicks,0.451,3971,8084,3027,6739,44.9,759,2038,37.2,1271,1670,76.1,2013-14,0.3024187564920611,0.28166749134092034
319,Denver Nuggets,0.439,3951,8559,3147,7042,44.7,702,1959,35.8,1563,2154,72.6,2013-14,0.27818801476853167,0.24605678233438485
320,New Orleans Pelicans,0.415,3971,8177,3101,6761,45.9,486,1303,37.3,1489,1936,76.9,2013-14,0.1927229699748558,0.1783050018344136
321,Cleveland Cavaliers,0.402,3986,8054,3036,6955,43.7,584,1640,35.6,1398,1861,75.1,2013-14,0.2358015815959741,0.21753166128631735
322,Detroit Pistons,0.354,3956,8286,3182,7124,44.7,507,1580,32.1,1415,2111,67.0,2013-14,0.22178551375631667,0.18356263577118032
323,Sacramento Kings,0.341,3966,8241,3026,6766,44.7,491,1475,33.3,1698,2237,75.9,2013-14,0.2180017735737511,0.17874044412085913
324,Los Angeles Lakers,0.329,3941,8442,3139,6980,45.0,774,2032,38.1,1390,1835,75.7,2013-14,0.29111747851002867,0.27505330490405117
325,Boston Celtics,0.305,3946,7892,2996,6883,43.5,575,1729,33.3,1325,1706,77.7,2013-14,0.2511986052593346,0.21857577293461733
326,Utah Jazz,0.305,3956,7791,2951,6652,44.4,543,1577,34.4,1346,1803,74.7,2013-14,0.23707155742633795,0.209087408548325
327,Orlando Magic,0.28,3991,7914,3022,6784,44.5,563,1596,35.3,1307,1714,76.3,2013-14,0.23525943396226415,0.21341925701288855
328,Philadelphia 76ers,0.232,3971,8155,3108,7150,43.5,577,1847,31.2,1362,1918,71.0,2013-14,0.2583216783216783,0.2122624156958921
329,Milwaukee Bucks,0.183,3976,7829,2952,6737,43.8,548,1553,35.3,1377,1843,74.7,2013-14,0.23051803473356094,0.20998850427896282
330,Miami Heat,0.805,3976,8436,3148,6348,49.6,717,1809,39.6,1423,1887,75.4,2012-13,0.28497164461247637,0.2549786628733997
331,Oklahoma City Thunder,0.732,3966,8669,3126,6504,48.1,598,1588,37.7,1819,2196,82.8,2012-13,0.24415744157441574,0.20694428423116853
332,San Antonio Spurs,0.707,3976,8448,3210,6675,48.1,663,1764,37.6,1365,1725,79.1,2012-13,0.2642696629213483,0.2354403409090909
333,Denver Nuggets,0.695,3981,8704,3339,6983,47.8,521,1518,34.3,1505,2148,70.1,2012-13,0.2173850780466848,0.17957261029411764
334,Los Angeles Clippers,0.683,3946,8289,3160,6608,47.8,627,1752,35.8,1342,1888,71.1,2012-13,0.2651331719128329,0.2269272529858849
335,Memphis Grizzlies,0.683,3961,7659,2964,6679,44.4,382,1107,34.5,1349,1746,77.3,2012-13,0.16574337475670012,0.14962788875832353
336,New York Knicks,0.659,3946,8196,2996,6689,44.8,891,2371,37.6,1313,1729,75.9,2012-13,0.35446255045597247,0.3261346998535871
337,Indiana Pacers,0.605,3918,7674,2845,6525,43.6,555,1599,34.7,1429,1915,74.6,2012-13,0.2450574712643678,0.21696637998436277
338,Brooklyn Nets,0.598,3971,7944,2942,6544,45.0,628,1760,35.7,1432,1958,73.1,2012-13,0.26894865525672373,0.23716012084592145
339,Golden State Warriors,0.573,3961,8296,3130,6840,45.8,658,1632,40.3,1378,1744,79.0,2012-13,0.23859649122807017,0.2379459980713597
340,Chicago Bulls,0.549,3966,7641,2926,6698,43.7,446,1265,35.3,1343,1738,77.3,2012-13,0.18886234696924456,0.1751079701609737
341,Houston Rockets,0.549,3956,8688,3124,6782,46.1,867,2369,36.6,1573,2087,75.4,2012-13,0.3493069890887644,0.29937845303867405
342,Los Angeles Lakers,0.549,3951,8381,3041,6640,45.8,715,2015,35.5,1584,2289,69.2,2012-13,0.30346385542168675,0.2559360458179215
343,Atlanta Hawks,0.537,3971,8032,3084,6644,46.4,706,1901,37.1,1158,1619,71.5,2012-13,0.2861228175797712,0.26369521912350596
344,Utah Jazz,0.524,3976,8038,3046,6710,45.4,507,1385,36.6,1439,1883,76.4,2012-13,0.20640834575260805,0.18922617566558844
345,Boston Celtics,0.506,3968,7818,3001,6459,46.5,498,1390,35.8,1318,1698,77.6,2012-13,0.21520359188728905,0.1910974673829624
346,Dallas Mavericks,0.5,3996,8293,3182,6892,46.2,606,1628,37.2,1323,1669,79.3,2012-13,0.23621590249564714,0.2192210297841553
347,Milwaukee Bucks,0.463,3966,8108,3128,7197,43.5,601,1670,36.0,1251,1700,73.6,2012-13,0.23204112824788106,0.2223729649728663
348,Philadelphia 76ers,0.415,3951,7640,3059,6895,44.4,518,1438,36.0,1004,1377,72.9,2012-13,0.20855692530819434,0.20340314136125653
349,Toronto Raptors,0.415,3996,7971,2979,6685,44.6,571,1665,34.3,1442,1831,78.8,2012-13,0.24906507105459985,0.2149040270982311
350,Portland Trail Blazers,0.402,3971,7995,3009,6715,44.8,673,1904,35.3,1304,1680,77.6,2012-13,0.28354430379746837,0.2525328330206379
351,Minnesota Timberwolves,0.378,3946,7851,2943,6702,43.9,450,1475,30.5,1515,2042,74.2,2012-13,0.22008355714712027,0.17195261750095528
352,Detroit Pistons,0.354,3961,7778,2979,6638,44.9,513,1440,35.6,1307,1870,69.9,2012-13,0.216932811087677,0.1978657752635639
353,Washington Wizards,0.354,3971,7644,2910,6693,43.5,545,1495,36.5,1279,1746,73.3,2012-13,0.22336769759450173,0.21389324960753534
354,Sacramento Kings,0.341,3966,8219,3086,6904,44.7,610,1681,36.3,1437,1869,76.9,2012-13,0.24348203939745075,0.2226548241878574
355,New Orleans Hornets,0.329,3956,7714,2955,6589,44.8,535,1474,36.3,1269,1636,77.6,2012-13,0.22370617696160267,0.20806326160228156
356,Phoenix Suns,0.305,3961,7805,3061,6917,44.3,480,1455,33.0,1203,1618,74.4,2012-13,0.21035130837068092,0.18449711723254325
357,Cleveland Cavaliers,0.293,3946,7913,2993,6901,43.4,547,1581,34.6,1380,1826,75.6,2012-13,0.22909723228517606,0.2073802603311007
358,Charlotte Bobcats,0.256,3961,7661,2823,6649,42.5,469,1399,33.5,1546,2060,75.0,2012-13,0.21040758008723115,0.1836574859678893
359,Orlando Magic,0.244,3956,7718,3093,6904,44.8,506,1537,32.9,1026,1359,75.5,2012-13,0.22262456546929316,0.19668307851775071
360,Chicago Bulls,0.758,3188,6359,2467,5462,45.2,419,1117,37.5,1006,1394,72.2,2011-12,0.20450384474551447,0.19767259002987891
361,San Antonio Spurs,0.758,3188,6841,2611,5463,47.8,552,1405,39.3,1067,1427,74.8,2011-12,0.2571846970529013,0.2420698728256103
362,Oklahoma City Thunder,0.712,3198,6802,2462,5229,47.1,472,1317,35.8,1406,1744,80.6,2011-12,0.2518646012621916,0.2081740664510438
363,Miami Heat,0.697,3208,6500,2446,5212,46.9,370,1030,35.9,1238,1598,77.5,2011-12,0.19762087490406754,0.17076923076923076
364,Indiana Pacers,0.636,3198,6449,2354,5375,43.8,392,1064,36.8,1349,1724,78.2,2011-12,0.19795348837209303,0.18235385331059079
365,Los Angeles Lakers,0.621,3213,6422,2429,5319,45.7,362,1112,32.6,1202,1589,75.6,2011-12,0.2090618537319045,0.16910619744627842
366,Memphis Grizzlies,0.621,3188,6269,2425,5422,44.7,277,849,32.6,1142,1504,75.9,2011-12,0.1565842862412394,0.1325570266390174
367,Atlanta Hawks,0.606,3233,6375,2429,5348,45.4,492,1330,37.0,1025,1385,74.0,2011-12,0.2486910994764398,0.23152941176470587
368,Los Angeles Clippers,0.606,3193,6438,2439,5366,45.5,514,1441,35.7,1046,1538,68.0,2011-12,0.2685426761088334,0.23951537744641194
369,Boston Celtics,0.591,3188,6062,2341,5086,46.0,363,988,36.7,1017,1308,77.8,2011-12,0.1942587495084546,0.17964368195315078
370,Denver Nuggets,0.576,3208,6872,2572,5404,47.6,435,1311,33.2,1293,1760,73.5,2011-12,0.24259807549962992,0.1899010477299185
371,Orlando Magic,0.561,3193,6215,2275,5162,44.1,670,1785,37.5,995,1508,66.0,2011-12,0.34579620302208447,0.3234111021721641
372,Dallas Mavericks,0.545,3213,6322,2398,5412,44.3,497,1464,33.9,1029,1334,77.1,2011-12,0.270509977827051,0.2358430876304967
373,New York Knicks,0.545,3188,6458,2365,5335,44.3,517,1538,33.6,1211,1634,74.1,2011-12,0.2882849109653233,0.24016723443790647
374,Utah Jazz,0.545,3233,6577,2523,5531,45.6,273,845,32.3,1258,1668,75.4,2011-12,0.15277526667871993,0.12452485935837007
375,Philadelphia 76ers,0.53,3183,6180,2471,5516,44.8,349,963,36.2,889,1198,74.2,2011-12,0.17458303118201596,0.16941747572815535
376,Houston Rockets,0.515,3213,6474,2489,5543,44.9,478,1330,35.9,1018,1301,78.2,2011-12,0.23994226952913586,0.22150139017608897
377,Phoenix Suns,0.5,3168,6492,2495,5445,45.8,444,1295,34.3,1058,1397,75.7,2011-12,0.23783287419651056,0.20517560073937152
378,Milwaukee Bucks,0.47,3173,6535,2502,5652,44.3,436,1265,34.5,1095,1415,77.4,2011-12,0.2238145789101203,0.2001530221882173
379,Portland Trail Blazers,0.424,3193,6415,2402,5417,44.3,478,1382,34.6,1133,1423,79.6,2011-12,0.25512276167620457,0.22353858144972721
380,Minnesota Timberwolves,0.394,3188,6464,2355,5434,43.3,473,1423,33.2,1281,1662,77.1,2011-12,0.2618697092381303,0.21952351485148514
381,Detroit Pistons,0.379,3193,5997,2291,5232,43.8,317,916,34.6,1098,1461,75.2,2011-12,0.17507645259938837,0.1585792896448224
382,Golden State Warriors,0.348,3183,6453,2489,5443,45.7,524,1351,38.8,951,1235,77.0,2011-12,0.24820870843284953,0.24360762436076244
383,Toronto Raptors,0.348,3193,5986,2268,5154,44.0,365,1075,34.0,1085,1410,77.0,2011-12,0.20857586340706247,0.18292682926829268
384,New Jersey Nets,0.333,3178,6144,2262,5320,42.5,507,1481,34.2,1113,1433,77.7,2011-12,0.27838345864661657,0.24755859375
385,Sacramento Kings,0.333,3183,6518,2490,5712,43.6,411,1301,31.6,1127,1532,73.6,2011-12,0.22776610644257703,0.18916845658177356
386,Cleveland Cavaliers,0.318,3193,6140,2261,5360,42.2,440,1273,34.6,1178,1645,71.6,2011-12,0.2375,0.21498371335504887
387,New Orleans Hornets,0.318,3188,5916,2300,5103,45.1,259,777,33.3,1057,1397,75.7,2011-12,0.1522633744855967,0.13133874239350912
388,Washington Wizards,0.303,3173,6180,2414,5475,44.1,344,1075,32.0,1008,1386,72.7,2011-12,0.1963470319634703,0.1669902912621359
389,Charlotte Bobcats,0.106,3178,5739,2193,5293,41.4,263,892,29.5,1090,1462,74.6,2011-12,0.16852446627621387,0.1374803972817564
390,Chicago Bulls,0.756,3966,8087,3042,6587,46.2,511,1415,36.1,1492,2008,74.3,2010-11,0.21481706391376953,0.1895634969704464
391,San Antonio Spurs,0.744,3956,8502,3148,6628,47.5,685,1727,39.7,1521,1984,76.7,2010-11,0.2605612552806276,0.24170783345095273
392,Miami Heat,0.707,3956,8369,3031,6301,48.1,547,1479,37.0,1760,2288,76.9,2010-11,0.2347246468814474,0.1960807742860557
393,Dallas Mavericks,0.695,3941,8220,3069,6463,47.5,645,1768,36.5,1437,1850,77.7,2010-11,0.2735571715921399,0.2354014598540146
394,Los Angeles Lakers,0.695,3966,8321,3128,6757,46.3,524,1487,35.2,1541,1979,77.9,2010-11,0.22006807754920824,0.18891960100949406
395,Boston Celtics,0.683,3956,7913,3023,6219,48.6,408,1119,36.5,1459,1895,77.0,2010-11,0.1799324650265316,0.15468216858334385
396,Oklahoma City Thunder,0.671,4001,8596,3066,6609,46.4,487,1403,34.7,1977,2401,82.3,2010-11,0.2122862762899077,0.16996277338296883
397,Orlando Magic,0.634,3966,8135,2956,6411,46.1,770,2103,36.6,1453,2101,69.2,2010-11,0.328029948525971,0.28395820528580207
398,Denver Nuggets,0.61,3941,8811,3145,6613,47.6,662,1704,38.8,1859,2429,76.5,2010-11,0.25767427793739606,0.2254000680966973
399,Portland Trail Blazers,0.585,3961,7896,2951,6599,44.7,518,1503,34.5,1476,1835,80.4,2010-11,0.22776178208819517,0.19680851063829788
400,Memphis Grizzlies,0.561,3976,8195,3200,6801,47.1,309,926,33.4,1486,1981,75.0,2010-11,0.13615644758123804,0.11311775472849299
401,New Orleans Hornets,0.561,3966,7784,2944,6416,45.9,444,1232,36.0,1452,1897,76.5,2010-11,0.19201995012468828,0.171120246659815
402,Atlanta Hawks,0.537,3946,7790,2971,6429,46.2,502,1427,35.2,1346,1728,77.9,2010-11,0.2219629802457614,0.19332477535301668
403,Houston Rockets,0.524,3976,8685,3170,6975,45.4,677,1843,36.7,1668,2083,80.1,2010-11,0.2642293906810036,0.23385146804835924
404,New York Knicks,0.512,3956,8734,3140,6867,45.7,765,2081,36.8,1689,2087,80.9,2010-11,0.30304354157565166,0.2627662010533547
405,Philadelphia 76ers,0.5,3986,8119,3125,6776,46.1,443,1248,35.5,1426,1851,77.0,2010-11,0.18417945690672963,0.16369010961941124
406,Phoenix Suns,0.488,4001,8611,3219,6844,47.0,701,1857,37.7,1472,1939,75.9,2010-11,0.27133255406195206,0.24422250609685286
407,Utah Jazz,0.476,3976,8153,3064,6590,46.5,435,1256,34.6,1590,2061,77.1,2010-11,0.1905918057663126,0.16006378020360604
408,Indiana Pacers,0.451,3956,8183,3003,6787,44.2,585,1653,35.4,1592,2035,78.2,2010-11,0.2435538529541771,0.2144690211413907
409,Golden State Warriors,0.439,3966,8477,3251,7047,46.1,685,1749,39.2,1290,1695,76.1,2010-11,0.24819071945508728,0.24242066768904094
410,Milwaukee Bucks,0.427,3966,7534,2814,6544,43.0,483,1414,34.2,1423,1881,75.7,2010-11,0.21607579462102688,0.19232811255641094
411,Charlotte Bobcats,0.415,3961,7650,2873,6365,45.1,393,1203,32.7,1511,1999,75.6,2010-11,0.18900235663786333,0.15411764705882353
412,Los Angeles Clippers,0.39,3971,8089,3015,6594,45.7,513,1519,33.8,1546,2187,70.7,2010-11,0.23036093418259024,0.19025837557176412
413,Detroit Pistons,0.366,3976,7951,3056,6647,46.0,472,1256,37.6,1367,1854,73.7,2010-11,0.18895742440198585,0.17809080618790088
414,New Jersey Nets,0.293,4001,7722,2918,6638,44.0,459,1337,34.3,1427,1881,75.9,2010-11,0.201416089183489,0.17832167832167833
415,Sacramento Kings,0.293,3971,8151,3134,6979,44.9,428,1277,33.5,1455,1981,73.4,2010-11,0.1829775039403926,0.15752668384247331
416,Washington Wizards,0.28,3986,7977,3048,6888,44.3,392,1182,33.2,1489,1999,74.5,2010-11,0.171602787456446,0.14742384355020685
417,Toronto Raptors,0.268,3956,8124,3144,6755,46.5,345,1091,31.6,1491,1976,75.5,2010-11,0.1615099925980755,0.1274002954209749
418,Cleveland Cavaliers,0.232,3951,7827,2886,6647,43.4,509,1489,34.2,1546,2075,74.5,2010-11,0.22401083195426508,0.19509390571100038
419,Minnesota Timberwolves,0.207,3956,8288,3090,7014,44.1,589,1565,37.6,1519,1977,76.8,2010-11,0.22312517821499858,0.21319980694980695
420,Cleveland Cavaliers,0.744,3956,8373,3101,6391,48.5,602,1582,38.1,1569,2180,72.0,2009-10,0.2475355969331873,0.21569329989251165
421,Orlando Magic,0.72,3946,8426,3005,6394,47.0,841,2241,37.5,1575,2176,72.4,2009-10,0.35048482952768223,0.29943033467837643
422,Los Angeles Lakers,0.695,3966,8339,3144,6875,45.7,532,1562,34.1,1519,1985,76.5,2009-10,0.2272,0.19138985489866892
423,Dallas Mavericks,0.671,3976,8364,3140,6760,46.4,558,1498,37.2,1526,1870,81.6,2009-10,0.22159763313609468,0.20014347202295552
424,Phoenix Suns,0.659,3946,9039,3339,6788,49.2,730,1770,41.2,1631,2117,77.0,2009-10,0.2607542722451385,0.24228343843345504
425,Atlanta Hawks,0.646,3971,8338,3181,6801,46.8,524,1455,36.0,1452,1914,75.9,2009-10,0.21393912659902956,0.18853442072439433
426,Denver Nuggets,0.646,3956,8729,3124,6678,46.8,544,1517,35.9,1937,2508,77.2,2009-10,0.22716382150344414,0.1869629969068622
427,Utah Jazz,0.646,3951,8547,3227,6575,49.1,439,1207,36.4,1654,2233,74.1,2009-10,0.18357414448669201,0.15408915408915408
428,Boston Celtics,0.61,3956,8136,3039,6294,48.3,499,1433,34.8,1559,2090,74.6,2009-10,0.22767715284397838,0.18399705014749262
429,Oklahoma City Thunder,0.61,3961,8322,3063,6629,46.2,418,1229,34.0,1778,2210,80.5,2009-10,0.18539749585156132,0.1506849315068493
430,Portland Trail Blazers,0.61,3971,8045,2974,6453,46.1,491,1388,35.4,1606,2033,79.0,2009-10,0.21509375484270882,0.18309509011808578
431,San Antonio Spurs,0.61,3956,8312,3150,6659,47.3,554,1547,35.8,1458,1969,74.0,2009-10,0.23231716473945035,0.19995187680461982
432,Miami Heat,0.573,3976,7914,2984,6518,45.8,494,1426,34.6,1452,1931,75.2,2009-10,0.2187787664927892,0.18726307808946172
433,Milwaukee Bucks,0.561,3996,8009,3050,6998,43.6,645,1813,35.6,1264,1675,75.5,2009-10,0.25907402114889966,0.24160319640404546
434,Charlotte Bobcats,0.537,3976,7813,2858,6306,45.3,460,1331,34.6,1637,2180,75.1,2009-10,0.21106882334284807,0.17662869576347115
435,Houston Rockets,0.512,3981,8395,3094,6923,44.7,646,1838,35.1,1561,2022,77.2,2009-10,0.26549183879820887,0.23085169743895176
436,Chicago Bulls,0.5,3981,7993,3081,6825,45.1,352,1066,33.0,1479,1962,75.4,2009-10,0.15619047619047619,0.13211560115100712
437,Memphis Grizzlies,0.488,3981,8404,3223,6875,46.9,344,1020,33.7,1614,2202,73.3,2009-10,0.14836363636363636,0.12279866730128511
438,Toronto Raptors,0.488,3956,8534,3199,6631,48.2,518,1397,37.1,1618,2118,76.4,2009-10,0.2106771226059418,0.18209514881649871
439,New Orleans Hornets,0.451,3966,8220,3178,6842,46.4,571,1572,36.3,1293,1661,77.8,2009-10,0.2297573808827828,0.2083941605839416
440,Indiana Pacers,0.39,3941,8263,3020,6823,44.3,659,1896,34.8,1564,2019,77.5,2009-10,0.27788362890224244,0.23925934890475614
441,Los Angeles Clippers,0.354,3941,7849,3002,6601,45.5,483,1457,33.2,1362,1867,73.0,2009-10,0.2207241327071656,0.1846095043954644
442,New York Knicks,0.354,3976,8373,3127,6876,45.5,743,2145,34.6,1376,1759,78.2,2009-10,0.31195462478184993,0.26621282694374776
443,Detroit Pistons,0.329,3956,7709,2940,6602,44.5,374,1190,31.4,1455,1998,72.8,2009-10,0.1802484095728567,0.14554416915293814
444,Philadelphia 76ers,0.329,3961,8014,3087,6706,46.0,474,1381,34.3,1366,1808,75.6,2009-10,0.205934983596779,0.17743948090841027
445,Golden State Warriors,0.317,3946,8922,3329,7094,46.9,633,1687,37.5,1631,2085,78.2,2009-10,0.23780659712433042,0.2128446536650975
446,Washington Wizards,0.317,3966,7892,3008,6700,44.9,432,1225,35.3,1444,1895,76.2,2009-10,0.1828358208955224,0.16421692853522554
447,Sacramento Kings,0.305,3976,8200,3144,6895,45.6,482,1383,34.9,1430,1969,72.6,2009-10,0.2005801305293691,0.17634146341463414
448,Minnesota Timberwolves,0.183,3956,8051,3106,6923,44.9,403,1181,34.1,1436,1926,74.6,2009-10,0.17059078434204825,0.150167681033412
449,New Jersey Nets,0.146,3956,7575,2813,6554,42.9,377,1185,31.8,1572,2015,78.0,2009-10,0.18080561489166921,0.1493069306930693
450,Cleveland Cavaliers,0.805,3956,8223,3022,6454,46.8,656,1670,39.3,1523,2012,75.7,2008-09,0.2587542609234583,0.2393287121488508
451,Los Angeles Lakers,0.793,3956,8768,3307,6981,47.4,547,1516,36.1,1607,2087,77.0,2008-09,0.21716086520555794,0.18715784671532848
452,Boston Celtics,0.756,3976,8275,3075,6333,48.6,538,1355,39.7,1587,2075,76.5,2008-09,0.21395862940154745,0.1950453172205438
453,Orlando Magic,0.72,3946,8286,2929,6416,45.7,817,2147,38.1,1611,2253,71.5,2008-09,0.33463216957605985,0.2958001448225923
454,Denver Nuggets,0.659,3946,8555,3058,6510,47.0,548,1477,37.1,1891,2487,76.0,2008-09,0.22688172043010751,0.19216832261835184
455,Portland Trail Blazers,0.659,3966,8153,3018,6494,46.5,596,1555,38.3,1521,1988,76.5,2008-09,0.23945180166307362,0.21930577701459586
456,San Antonio Spurs,0.659,3981,7958,3042,6534,46.6,625,1620,38.6,1249,1641,76.1,2008-09,0.24793388429752067,0.2356119628047248
457,Houston Rockets,0.646,3961,8070,2959,6526,45.3,621,1656,37.5,1531,1903,80.5,2008-09,0.25375421391357644,0.2308550185873606
458,Dallas Mavericks,0.61,3961,8343,3128,6770,46.2,571,1632,35.0,1516,1852,81.9,2008-09,0.24106351550960117,0.20532182668104998
459,New Orleans Hornets,0.598,3951,7857,2911,6366,45.7,556,1526,36.4,1479,1833,80.7,2008-09,0.23971096449890042,0.21229476899579994
460,Utah Jazz,0.585,3976,8492,3143,6623,47.5,392,1122,34.9,1814,2352,77.1,2008-09,0.16940963309678395,0.13848327837965144
461,Atlanta Hawks,0.573,3941,8046,2956,6451,45.8,597,1633,36.6,1537,2085,73.7,2008-09,0.2531390482095799,0.2225950782997763
462,Phoenix Suns,0.561,3951,8974,3373,6695,50.4,553,1445,38.3,1675,2251,74.4,2008-09,0.21583271097834206,0.18486739469578783
463,Miami Heat,0.524,3991,8061,3034,6646,45.7,582,1631,35.7,1411,1871,75.4,2008-09,0.24541077339753234,0.21659843691849645
464,Chicago Bulls,0.5,3986,8378,3126,6846,45.7,493,1293,38.1,1633,2052,79.6,2008-09,0.18886941279579317,0.17653377894485558
465,Philadelphia 76ers,0.5,3951,7987,2997,6532,45.9,341,1072,31.8,1652,2216,74.5,2008-09,0.16411512553582364,0.12808313509452862
466,Detroit Pistons,0.476,3981,7727,2981,6559,45.4,377,1079,34.9,1388,1849,75.1,2008-09,0.16450678457081871,0.146369871877831
467,Indiana Pacers,0.439,3966,8617,3220,7080,45.5,652,1725,37.8,1525,1890,80.7,2008-09,0.24364406779661016,0.22699315306951376
468,Charlotte Bobcats,0.427,3986,7677,2866,6299,45.5,490,1339,36.6,1455,1965,74.0,2008-09,0.21257342435307192,0.19148104728409535
469,Milwaukee Bucks,0.415,3956,8142,3009,6755,44.5,511,1408,36.3,1613,2067,78.0,2008-09,0.2084381939304219,0.18828297715549006
470,New Jersey Nets,0.415,3966,8044,2925,6536,44.8,652,1735,37.6,1542,1980,77.9,2008-09,0.265452876376989,0.24316260566882147
471,Toronto Raptors,0.402,3961,8121,3054,6673,45.8,479,1289,37.2,1534,1861,82.4,2008-09,0.19316649183275889,0.17694865164388623
472,New York Knicks,0.39,3961,8627,3157,7091,44.5,823,2284,36.0,1490,1900,78.4,2008-09,0.3220984346354534,0.28619450562188475
473,Golden State Warriors,0.354,3976,8905,3231,7055,45.8,550,1475,37.3,1893,2392,79.1,2008-09,0.2090715804394047,0.18528916339135318
474,Memphis Grizzlies,0.293,3961,7698,2865,6311,45.4,398,1106,36.0,1570,2077,75.6,2008-09,0.1752495642528918,0.15510522213561964
475,Minnesota Timberwolves,0.293,3961,8019,2986,6766,44.1,543,1539,35.3,1504,1957,76.9,2008-09,0.227460833579663,0.2031425364758698
476,Oklahoma City Thunder,0.28,3961,7952,2999,6716,44.7,328,949,34.6,1626,2069,78.6,2008-09,0.14130434782608695,0.12374245472837023
477,Los Angeles Clippers,0.232,3976,7799,2955,6696,44.1,535,1513,35.4,1354,1839,73.6,2008-09,0.2259557945041816,0.20579561482241313
478,Washington Wizards,0.232,3941,7877,2994,6655,45.0,395,1198,33.0,1494,1948,76.7,2008-09,0.18001502629601804,0.15043798400406247
479,Sacramento Kings,0.207,3981,8248,2990,6685,44.7,586,1594,36.8,1682,2107,79.8,2008-09,0.23844427823485415,0.21314258001939865
480,Boston Celtics,0.805,3951,8245,2986,6286,47.5,596,1564,38.1,1677,2176,77.1,2007-08,0.24880687241489025,0.21685870224378412
481,Detroit Pistons,0.72,3946,7992,2999,6551,45.8,487,1330,36.6,1507,1965,76.7,2007-08,0.20302243932224087,0.1828078078078078
482,Los Angeles Lakers,0.695,3956,8904,3248,6818,47.6,662,1751,37.8,1746,2270,76.9,2007-08,0.25682018187151656,0.22304582210242588
483,New Orleans Hornets,0.683,3961,8270,3164,6796,46.6,630,1621,38.9,1312,1707,76.9,2007-08,0.23852266038846381,0.22853688029020555
484,San Antonio Spurs,0.683,3946,7820,2938,6424,45.7,594,1610,36.9,1350,1774,76.1,2007-08,0.25062266500622665,0.22787723785166242
485,Houston Rockets,0.671,3946,7931,3003,6698,44.8,583,1707,34.2,1342,1848,72.6,2007-08,0.2548521946849806,0.22052704576976423
486,Phoenix Suns,0.671,3956,9026,3392,6782,50.0,694,1764,39.3,1548,1977,78.3,2007-08,0.2601002654084341,0.23066696210946155
487,Utah Jazz,0.659,3941,8710,3279,6592,49.7,407,1095,37.2,1745,2298,75.9,2007-08,0.16611043689320387,0.1401836969001148
488,Orlando Magic,0.634,3956,8567,3058,6446,47.4,801,2074,38.6,1650,2288,72.1,2007-08,0.32174992243251627,0.2804949223765612
489,Dallas Mavericks,0.622,3946,8234,3025,6515,46.4,494,1403,35.2,1690,2075,81.4,2007-08,0.21534919416730622,0.17998542628127276
490,Denver Nuggets,0.61,3971,9074,3307,7038,47.0,569,1605,35.5,1891,2519,75.1,2007-08,0.2280477408354646,0.18811990301961648
491,Golden State Warriors,0.585,3956,9105,3403,7406,45.9,761,2185,34.8,1538,2044,75.2,2007-08,0.2950310559006211,0.25074135090609556
492,Cleveland Cavaliers,0.549,3971,7903,2937,6697,43.9,552,1544,35.8,1477,2061,71.7,2007-08,0.2305509929819322,0.209540680754144
493,Washington Wizards,0.524,3981,8104,2986,6695,44.6,575,1614,35.6,1557,1991,78.2,2007-08,0.24107542942494398,0.212857847976308
494,Portland Trail Blazers,0.5,3981,7820,2935,6546,44.8,538,1426,37.7,1412,1841,76.7,2007-08,0.21784295753131683,0.20639386189258313
495,Toronto Raptors,0.5,3966,8215,3148,6726,46.8,572,1459,39.2,1347,1658,81.2,2007-08,0.2169194171870354,0.20888618381010346
496,Philadelphia 76ers,0.488,3951,7923,3056,6648,46.0,302,952,31.7,1509,2137,70.6,2007-08,0.14320096269554752,0.11435062476334722
497,Sacramento Kings,0.463,3966,8408,3043,6558,46.4,510,1367,37.3,1812,2272,79.8,2007-08,0.20844769746874048,0.18196955280685062
498,Atlanta Hawks,0.451,3971,8054,2975,6552,45.4,384,1078,35.6,1720,2227,77.2,2007-08,0.16452991452991453,0.14303451701018127
499,Indiana Pacers,0.439,3951,8527,3102,6993,44.4,755,2021,37.4,1568,2042,76.8,2007-08,0.289003289003289,0.26562683241468277
500,New Jersey Nets,0.415,3966,7857,2856,6450,44.3,498,1430,34.8,1647,2237,73.6,2007-08,0.22170542635658916,0.19014891179839633
501,Chicago Bulls,0.402,3961,7981,2987,6861,43.5,474,1305,36.3,1533,2029,75.6,2007-08,0.19020550940096195,0.1781731612579877
502,Charlotte Bobcats,0.39,3976,7959,2960,6554,45.2,529,1443,36.7,1510,2115,71.4,2007-08,0.22017088800732376,0.19939690915944214
503,Milwaukee Bucks,0.317,3971,7956,3026,6745,44.9,452,1313,34.4,1452,1980,73.3,2007-08,0.19466271312083025,0.17043740573152338
504,Los Angeles Clippers,0.28,3961,7692,2820,6445,43.8,350,1079,32.4,1702,2178,78.1,2007-08,0.16741660201706748,0.13650546021840873
505,New York Knicks,0.28,3976,7948,2967,6757,43.9,490,1454,33.7,1524,2095,72.7,2007-08,0.2151842533668788,0.18495218922999496
506,Memphis Grizzlies,0.268,3961,8257,3060,6737,45.4,620,1779,34.9,1517,2097,72.3,2007-08,0.26406412349710556,0.22526341286181423
507,Minnesota Timberwolves,0.268,3946,7839,3076,6817,45.1,441,1259,35.0,1246,1693,73.6,2007-08,0.18468534545987972,0.1687715269804822
508,Seattle SuperSonics,0.244,3966,7999,3125,7032,44.4,313,939,33.3,1436,1866,77.0,2007-08,0.13353242320819111,0.11738967370921365
509,Miami Heat,0.183,3966,7491,2808,6336,44.3,491,1373,35.8,1384,1903,72.7,2007-08,0.21669823232323232,0.19663596315578694
510,Dallas Mavericks,0.817,3951,8201,3010,6442,46.7,535,1404,38.1,1646,2045,80.5,2006-07,0.21794473765911207,0.1957078405072552
511,Phoenix Suns,0.744,3981,9037,3388,6855,49.4,785,1965,39.9,1476,1827,80.8,2006-07,0.28665207877461707,0.2605953303087308
512,San Antonio Spurs,0.707,3956,8079,2999,6328,47.4,595,1561,38.1,1486,1980,75.1,2006-07,0.24668141592920353,0.22094318603787597
513,Detroit Pistons,0.646,3976,7872,2942,6484,45.4,449,1305,34.4,1539,1988,77.4,2006-07,0.2012646514497224,0.17111280487804878
514,Houston Rockets,0.634,3971,7953,2906,6528,44.5,705,1893,37.2,1436,1906,75.3,2006-07,0.2899816176470588,0.2659373821199547
515,Utah Jazz,0.622,3961,8322,3069,6471,47.4,354,1056,33.5,1830,2462,74.3,2006-07,0.16318961520630507,0.12761355443403027
516,Cleveland Cavaliers,0.61,3976,7934,2978,6658,44.7,494,1404,35.2,1484,2133,69.6,2006-07,0.21087413637729047,0.1867910259642047
517,Chicago Bulls,0.598,3956,8100,3046,6663,45.7,480,1237,38.8,1528,2083,73.4,2006-07,0.18565210865976287,0.17777777777777778
518,Toronto Raptors,0.573,3951,8157,3032,6547,46.3,531,1464,36.3,1562,1983,78.8,2006-07,0.2236138689476096,0.19529238690695108
519,Denver Nuggets,0.549,3956,8639,3164,6805,46.5,484,1440,33.6,1827,2449,74.6,2006-07,0.21160911094783247,0.16807500868156036
520,Miami Heat,0.537,3971,7759,2919,6288,46.4,528,1539,34.3,1393,2019,69.0,2006-07,0.24475190839694658,0.2041500193323882
521,Golden State Warriors,0.512,3951,8737,3261,7048,46.3,700,1966,35.6,1515,2113,71.7,2006-07,0.27894438138479,0.2403571019800847
522,Los Angeles Lakers,0.512,4006,8474,3103,6664,46.6,608,1724,35.3,1660,2221,74.7,2006-07,0.258703481392557,0.21524663677130046
523,New Jersey Nets,0.5,3976,8001,2913,6379,45.7,609,1676,36.3,1566,2153,72.7,2006-07,0.26273710612948736,0.2283464566929134
524,Washington Wizards,0.5,3966,8556,3070,6820,45.0,561,1614,34.8,1855,2425,76.5,2006-07,0.23665689149560118,0.19670406732117812
525,Los Angeles Clippers,0.488,3946,7843,2880,6318,45.6,314,903,34.8,1769,2245,78.8,2006-07,0.1429249762583096,0.1201071018742828
526,Orlando Magic,0.488,3956,7771,2875,6090,47.2,342,962,35.6,1679,2393,70.2,2006-07,0.1579638752052545,0.13202933985330073
527,New Orleans/Oklahoma City Hornets,0.476,3976,7833,2971,6674,44.5,455,1256,36.2,1436,1941,74.0,2006-07,0.18819298771351514,0.1742627345844504
528,Indiana Pacers,0.427,3956,7840,2872,6561,43.8,481,1389,34.6,1615,2125,76.0,2006-07,0.211705532693187,0.1840561224489796
529,Philadelphia 76ers,0.427,3976,7785,2932,6408,45.8,284,823,34.5,1637,2135,76.7,2006-07,0.12843320848938827,0.10944123314065511
530,Charlotte Bobcats,0.402,4001,7945,2960,6643,44.6,457,1280,35.7,1568,2136,73.4,2006-07,0.19268402830046666,0.17256135934550032
531,New York Knicks,0.402,4001,7994,2903,6356,45.7,474,1370,34.6,1714,2396,71.5,2006-07,0.21554436752674638,0.17788341255941956
532,Sacramento Kings,0.402,3961,8303,2941,6532,45.0,530,1513,35.0,1891,2473,76.5,2006-07,0.2316289038579302,0.19149704925930386
533,Minnesota Timberwolves,0.39,4001,7877,2997,6502,46.1,384,1089,35.3,1499,1892,79.2,2006-07,0.16748692709935403,0.1462485717912911
534,Portland Trail Blazers,0.39,3991,7717,2874,6392,45.0,426,1232,34.6,1543,2006,76.9,2006-07,0.1927409261576971,0.165608397045484
535,Seattle SuperSonics,0.378,3966,8130,3047,6628,46.0,525,1451,36.2,1511,1911,79.1,2006-07,0.21891973445986723,0.1937269372693727
536,Atlanta Hawks,0.366,3976,7680,2831,6372,44.4,341,1038,32.9,1677,2203,76.1,2006-07,0.16290018832391714,0.133203125
537,Milwaukee Bucks,0.341,3971,8172,3121,6714,46.5,524,1472,35.6,1406,1919,73.3,2006-07,0.21924337205838546,0.19236417033773862
538,Boston Celtics,0.293,3971,7857,2858,6454,44.3,471,1283,36.7,1670,2178,76.7,2006-07,0.1987914471645491,0.17983963344788087
539,Memphis Grizzlies,0.268,3996,8331,2998,6448,46.5,500,1362,36.7,1835,2410,76.1,2006-07,0.21122828784119108,0.18005041411595246
540,Detroit Pistons,0.78,3966,7941,2983,6558,45.5,557,1451,38.4,1418,1950,72.7,2005-06,0.22125648063433973,0.21042689837551945
541,San Antonio Spurs,0.768,3961,7837,2993,6342,47.2,524,1362,38.5,1327,1891,70.2,2005-06,0.21475875118259224,0.20058695929564885
542,Dallas Mavericks,0.732,3976,8130,2948,6375,46.2,416,1113,37.4,1818,2322,78.3,2005-06,0.17458823529411766,0.15350553505535056
543,Phoenix Suns,0.659,3991,8886,3430,7167,47.9,837,2097,39.9,1189,1475,80.6,2005-06,0.29259104227710336,0.2825793382849426
544,Miami Heat,0.634,3951,8191,3039,6355,47.8,497,1441,34.5,1616,2310,70.0,2005-06,0.22675059008654602,0.18202905628128432
545,Cleveland Cavaliers,0.61,3966,8002,2908,6412,45.4,497,1465,33.9,1689,2318,72.9,2005-06,0.22847785402370555,0.18632841789552612
546,Memphis Grizzlies,0.598,3971,7558,2746,6125,44.8,590,1578,37.4,1476,2077,71.1,2005-06,0.2576326530612245,0.23418893887271766
547,New Jersey Nets,0.598,3956,7691,2778,6317,44.0,477,1447,33.0,1658,2187,75.8,2005-06,0.2290644293177141,0.18606163047718113
548,Los Angeles Clippers,0.573,3961,7970,2993,6443,46.5,290,843,34.4,1694,2142,79.1,2005-06,0.13083967096073257,0.10915934755332497
549,Los Angeles Lakers,0.549,3971,8154,2992,6607,45.3,552,1583,34.9,1618,2172,74.5,2005-06,0.23959436960799152,0.20309050772626933
550,Denver Nuggets,0.537,3986,8227,3078,6672,46.1,350,1076,32.5,1721,2312,74.4,2005-06,0.16127098321342925,0.12762854017260242
551,Sacramento Kings,0.537,3966,8106,2954,6500,45.4,494,1408,35.1,1704,2173,78.4,2005-06,0.21661538461538463,0.18282753515914138
552,Washington Wizards,0.512,3966,8336,2975,6656,44.7,497,1394,35.7,1889,2496,75.7,2005-06,0.20943509615384615,0.17886276391554704
553,Chicago Bulls,0.5,3981,8020,3004,6737,44.6,560,1477,37.9,1452,1967,73.8,2005-06,0.21923704913166098,0.20947630922693267
554,Indiana Pacers,0.5,3946,7699,2786,6274,44.4,536,1536,34.9,1591,2158,73.7,2005-06,0.2448198916161938,0.20885829328484218
555,Utah Jazz,0.5,3976,7573,2744,6207,44.2,311,925,33.6,1774,2466,71.9,2005-06,0.1490252940228774,0.12320084510761917
556,Milwaukee Bucks,0.488,3971,8020,2976,6566,45.3,507,1335,38.0,1561,2115,73.8,2005-06,0.20332013402375876,0.18965087281795512
557,New Orleans/Oklahoma City Hornets,0.463,3961,7611,2831,6428,44.0,300,885,33.9,1649,2176,75.8,2005-06,0.13767890479153702,0.11824990145841545
558,Philadelphia 76ers,0.463,3981,8147,3001,6546,45.8,375,1031,36.4,1770,2330,76.0,2005-06,0.15750076382523678,0.13808763962194673
559,Orlando Magic,0.439,3981,7784,2911,6167,47.2,299,796,37.6,1663,2277,73.0,2005-06,0.12907410410248094,0.11523638232271326
560,Seattle SuperSonics,0.427,3966,8411,3077,6711,45.9,605,1631,37.1,1652,2104,78.5,2005-06,0.24303382506332885,0.21578884793722505
561,Golden State Warriors,0.415,3966,8076,2939,6785,43.3,625,1832,34.1,1573,2190,71.8,2005-06,0.27000736919675755,0.23216939078751858
562,Houston Rockets,0.415,3966,7387,2708,6252,43.3,469,1414,33.2,1502,1980,75.9,2005-06,0.22616762635956494,0.1904697441451198
563,Boston Celtics,0.402,3976,8033,2951,6322,46.7,467,1290,36.2,1664,2204,75.5,2005-06,0.20404935147105346,0.17440557699489606
564,Minnesota Timberwolves,0.402,3971,7522,2888,6340,45.6,310,942,32.9,1436,1895,75.8,2005-06,0.14858044164037854,0.1236373304972082
565,Toronto Raptors,0.329,3991,8287,3013,6639,45.4,608,1620,37.5,1653,2089,79.1,2005-06,0.24401265250790782,0.22010377700012068
566,Atlanta Hawks,0.317,3976,7972,2946,6496,45.4,424,1154,36.7,1656,2207,75.0,2005-06,0.17764778325123154,0.15955845459106874
567,Charlotte Bobcats,0.317,3981,7943,2961,6843,43.3,428,1261,33.9,1593,2186,72.9,2005-06,0.1842759023819962,0.1616517688530782
568,New York Knicks,0.28,3986,7842,2822,6205,45.5,320,884,36.2,1878,2587,72.6,2005-06,0.14246575342465753,0.12241775057383321
569,Portland Trail Blazers,0.256,3946,7285,2791,6267,44.5,364,1042,34.9,1339,1944,68.9,2005-06,0.16626775171533428,0.14989704873026768
570,Phoenix Suns,0.756,3956,9054,3351,7018,47.7,796,2026,39.3,1556,2080,74.8,2004-05,0.28868623539469934,0.2637508283631544
571,Miami Heat,0.72,3996,8327,3097,6368,48.6,475,1260,37.7,1658,2466,67.2,2004-05,0.1978643216080402,0.171130058844722
572,San Antonio Spurs,0.72,3961,7888,2923,6450,45.3,507,1395,36.3,1535,2120,72.4,2004-05,0.21627906976744185,0.19282454361054766
573,Dallas Mavericks,0.707,3946,8405,3058,6691,45.7,463,1273,36.4,1826,2314,78.9,2004-05,0.19025556717979375,0.1652587745389649
574,Detroit Pistons,0.659,3991,7653,2851,6421,44.4,363,1053,34.5,1588,2150,73.9,2004-05,0.16399314748481544,0.14229713837710703
575,Seattle SuperSonics,0.634,3951,8113,2882,6498,44.4,666,1824,36.5,1683,2131,79.0,2004-05,0.2807017543859649,0.24627141624553187
576,Houston Rockets,0.622,3971,7796,2846,6419,44.3,553,1521,36.4,1551,1986,78.1,2004-05,0.23695279638572986,0.21280143663417136
577,Sacramento Kings,0.61,3971,8505,3203,6978,45.9,522,1396,37.4,1577,2004,78.7,2004-05,0.2000573230151906,0.18412698412698414
578,Denver Nuggets,0.598,3951,8161,3038,6615,45.9,320,940,34.0,1765,2313,76.3,2004-05,0.1421012849584278,0.11763264305844871
579,Chicago Bulls,0.573,3966,7745,2849,6592,43.2,511,1433,35.7,1536,2048,75.0,2004-05,0.21738470873786409,0.19793415106520335
580,Boston Celtics,0.549,3976,8304,3046,6511,46.8,437,1252,34.9,1775,2323,76.4,2004-05,0.19228997081861465,0.1578757225433526
581,Memphis Grizzlies,0.549,3941,7661,2802,6271,44.7,531,1486,35.7,1526,2024,75.4,2004-05,0.23696380162653485,0.2079363007440282
582,Washington Wizards,0.549,3956,8241,2966,6794,43.7,514,1498,34.3,1795,2476,72.5,2004-05,0.22048866647041507,0.18711321441572626
583,Indiana Pacers,0.537,3981,7626,2668,6169,43.2,542,1575,34.4,1748,2206,79.2,2004-05,0.2553088020748906,0.21321793863099922
584,Minnesota Timberwolves,0.537,3951,7934,3045,6629,45.9,395,1145,34.5,1449,1820,79.6,2004-05,0.1727259013425856,0.14935719687421226
585,Philadelphia 76ers,0.524,3971,8128,2946,6736,43.7,505,1453,34.8,1731,2194,78.9,2004-05,0.21570665083135393,0.18639271653543307
586,Cleveland Cavaliers,0.512,3971,7914,2990,6687,44.7,300,904,33.2,1634,2174,75.2,2004-05,0.13518767758337072,0.11372251705837756
587,New Jersey Nets,0.512,3981,7496,2753,6419,42.9,435,1203,36.2,1555,2039,76.3,2004-05,0.18741236952796386,0.17409284951974385
588,Los Angeles Clippers,0.451,4006,7849,2924,6368,45.9,231,669,34.5,1770,2274,77.8,2004-05,0.10505653266331658,0.08829150210217862
589,Orlando Magic,0.439,3941,8160,3034,6679,45.4,320,916,34.9,1772,2335,75.9,2004-05,0.1371462793831412,0.11764705882352941
590,Golden State Warriors,0.415,3981,8094,3029,7039,43.0,624,1774,35.2,1412,1955,72.2,2004-05,0.25202443528910357,0.2312824314306894
591,Los Angeles Lakers,0.415,3956,8095,2895,6629,43.7,644,1813,35.5,1661,2137,77.7,2004-05,0.2734952481520591,0.23866584311303274
592,New York Knicks,0.402,3976,7977,2978,6599,45.1,441,1240,35.6,1580,2060,76.7,2004-05,0.1879072586755569,0.1658518239939827
593,Toronto Raptors,0.402,3961,8178,2952,6656,44.4,648,1681,38.5,1626,2101,77.4,2004-05,0.25255408653846156,0.23771093176815847
594,Milwaukee Bucks,0.366,3956,7973,2964,6580,45.0,325,925,35.1,1720,2229,77.2,2004-05,0.1405775075987842,0.12228772105857268
595,Portland Trail Blazers,0.329,3946,7621,2896,6422,45.1,420,1161,36.2,1409,1944,72.5,2004-05,0.18078480224229213,0.1653326335126624
596,Utah Jazz,0.317,3956,7625,2828,6301,44.9,250,762,32.8,1719,2272,75.7,2004-05,0.12093318520869703,0.09836065573770492
597,Charlotte Bobcats,0.22,3976,7729,2961,6859,43.2,320,881,36.3,1487,2096,70.9,2004-05,0.1284443796471789,0.1242075300815112
598,New Orleans Hornets,0.22,3986,7252,2718,6556,41.5,415,1316,31.5,1401,1830,76.6,2004-05,0.20073215375228798,0.17167677881963597
599,Atlanta Hawks,0.159,3971,7605,2942,6672,44.1,304,973,31.2,1417,1994,71.1,2004-05,0.14583333333333334,0.11992110453648915
600,Indiana Pacers,0.744,3961,7493,2753,6322,43.5,449,1281,35.1,1538,2014,76.4,2003-04,0.20262575134451122,0.1797677832643801
601,Minnesota Timberwolves,0.707,3951,7753,3033,6571,46.2,326,897,36.3,1361,1743,78.1,2003-04,0.13650890275452746,0.12614471817361023
602,San Antonio Spurs,0.695,3951,7501,2842,6434,44.2,408,1140,35.8,1409,2069,68.1,2003-04,0.1771837115324837,0.16317824290094654
603,Los Angeles Lakers,0.683,3971,8052,3028,6676,45.4,365,1115,32.7,1631,2352,69.3,2003-04,0.16701617735170762,0.13599105812220566
604,Sacramento Kings,0.671,3956,8433,3103,6711,46.2,601,1498,40.1,1626,2044,79.5,2003-04,0.2232156161525853,0.21380291711134827
605,Detroit Pistons,0.659,3956,7388,2747,6314,43.5,333,968,34.4,1561,2074,75.3,2003-04,0.15331010452961671,0.13521927449918789
606,Dallas Mavericks,0.634,3961,8626,3322,7230,45.9,507,1456,34.8,1475,1854,79.6,2003-04,0.20138312586445367,0.17632738233248318
607,Memphis Grizzlies,0.61,3976,7930,2963,6657,44.5,447,1314,34.0,1557,2143,72.7,2003-04,0.19738621000450654,0.1691046658259773
608,New Jersey Nets,0.573,3941,7401,2813,6372,44.1,377,1123,33.6,1398,1856,75.3,2003-04,0.17623979912115506,0.15281718686663964
609,Houston Rockets,0.549,3986,7362,2738,6195,44.2,515,1406,36.6,1371,1774,77.3,2003-04,0.22695722356739306,0.20986145069274653
610,Denver Nuggets,0.524,3946,7972,2993,6763,44.3,331,985,33.6,1655,2159,76.7,2003-04,0.1456454236285672,0.12456096337180131
611,Miami Heat,0.512,3951,7402,2729,6417,42.5,485,1357,35.7,1459,1915,76.2,2003-04,0.2114695340501792,0.19656849500135098
612,Utah Jazz,0.512,3956,7271,2690,6172,43.6,252,786,32.1,1639,2196,74.6,2003-04,0.127349319507453,0.10397469398982258
613,Milwaukee Bucks,0.5,3956,8039,2970,6650,44.7,401,1145,35.0,1698,2192,77.5,2003-04,0.17218045112781954,0.14964547829332006
614,New Orleans Hornets,0.5,3966,7529,2772,6605,42.0,531,1666,31.9,1454,1937,75.1,2003-04,0.2522331566994701,0.21158188338424758
615,Portland Trail Blazers,0.5,3996,7440,2898,6467,44.8,381,1102,34.6,1263,1728,73.1,2003-04,0.17040358744394618,0.1536290322580645
616,New York Knicks,0.476,3976,7542,2881,6513,44.2,406,1115,36.4,1374,1732,79.3,2003-04,0.17119606939966223,0.1614956245027844
617,Golden State Warriors,0.451,3971,7649,2875,6511,44.2,429,1283,33.4,1470,2028,72.5,2003-04,0.1970511442174781,0.16825728853444893
618,Seattle SuperSonics,0.451,3961,7964,2939,6590,44.6,723,1936,37.3,1363,1782,76.5,2003-04,0.29377845220030346,0.2723505775991964
619,Boston Celtics,0.439,3941,7811,2843,6415,44.3,553,1599,34.6,1572,2095,75.0,2003-04,0.24925954793452845,0.21239277941364743
620,Cleveland Cavaliers,0.427,3971,7619,2922,6753,43.3,247,786,31.4,1528,2030,75.3,2003-04,0.11639271434917814,0.09725685785536159
621,Philadelphia 76ers,0.402,3971,7215,2682,6260,42.8,339,992,34.2,1512,2009,75.3,2003-04,0.1584664536741214,0.14095634095634096
622,Toronto Raptors,0.402,3996,7006,2654,6348,41.8,461,1294,35.6,1237,1650,75.0,2003-04,0.20384373030875866,0.1974022266628604
623,Phoenix Suns,0.354,3946,7723,2958,6671,44.3,415,1202,34.5,1392,1865,74.6,2003-04,0.18018288112726727,0.16120678492813673
624,Atlanta Hawks,0.341,3981,7611,2829,6529,43.3,419,1249,33.5,1534,1976,77.6,2003-04,0.19130035227446776,0.1651556957035869
625,Los Angeles Clippers,0.341,3961,7771,2817,6579,42.8,329,1024,32.1,1808,2302,78.5,2003-04,0.15564675482596138,0.12701068073607
626,Washington Wizards,0.305,3966,7531,2759,6557,42.1,434,1270,34.2,1579,2211,71.4,2003-04,0.1936861369528748,0.17288540698446422
627,Chicago Bulls,0.28,3966,7355,2798,6753,41.4,429,1256,34.2,1330,1834,72.5,2003-04,0.1859914112246409,0.17498300475866757
628,Orlando Magic,0.256,3966,7711,2904,6768,42.9,429,1248,34.4,1474,2000,73.7,2003-04,0.18439716312056736,0.16690442225392296
629,Dallas Mavericks,0.732,3956,8444,3161,6982,45.3,636,1668,38.1,1486,1793,82.9,2002-03,0.23890002864508736,0.22595926101373756
630,San Antonio Spurs,0.732,3966,7856,2908,6297,46.2,449,1270,35.4,1591,2194,72.5,2002-03,0.20168334127362236,0.1714613034623218
631,Sacramento Kings,0.72,3966,8342,3242,6990,46.4,491,1288,38.1,1367,1832,74.6,2002-03,0.18426323319027182,0.1765763605849916
632,Minnesota Timberwolves,0.622,3961,8046,3172,6809,46.6,296,804,36.8,1406,1826,77.0,2002-03,0.11807901307093553,0.11036539895600299
633,Detroit Pistons,0.61,3981,7492,2700,6277,43.0,533,1488,35.8,1559,2021,77.1,2002-03,0.23705591843237214,0.2134276561665777
634,Los Angeles Lakers,0.61,3986,8230,3091,6856,45.1,486,1367,35.6,1562,2129,73.4,2002-03,0.19938739789964993,0.17715674362089914
635,Portland Trail Blazers,0.61,3970,7803,2987,6491,46.0,379,1150,33.0,1450,1947,74.5,2002-03,0.177168386997381,0.14571318723567858
636,New Jersey Nets,0.598,3951,7820,2906,6585,44.1,346,1041,33.2,1662,2195,75.7,2002-03,0.1580865603644647,0.13273657289002558
637,Indiana Pacers,0.585,3981,7940,2911,6608,44.1,379,1119,33.9,1739,2271,76.6,2002-03,0.1693401937046005,0.14319899244332493
638,Philadelphia 76ers,0.585,3971,7941,2975,6640,44.8,245,787,31.1,1746,2253,77.5,2002-03,0.11852409638554216,0.09255761239138648
639,New Orleans Hornets,0.573,3981,7699,2914,6695,43.5,404,1075,37.6,1467,1910,76.8,2002-03,0.16056758775205376,0.15742304195350046
640,Utah Jazz,0.573,3956,7762,2894,6189,46.8,224,641,34.9,1750,2349,74.5,2002-03,0.10357085151074487,0.08657562483895903
641,Boston Celtics,0.537,3966,7599,2700,6509,41.5,719,2155,33.4,1480,1994,74.2,2002-03,0.3310800430173606,0.2838531385708646
642,Phoenix Suns,0.537,3961,7834,3005,6776,44.3,394,1149,34.3,1430,1928,74.2,2002-03,0.16956906729634003,0.15088077610416134
643,Houston Rockets,0.524,3986,7688,2840,6461,44.0,439,1267,34.6,1569,2044,76.8,2002-03,0.19609967497291442,0.17130593132154007
644,Milwaukee Bucks,0.512,3981,8158,3045,6670,45.7,585,1526,38.3,1483,1911,77.6,2002-03,0.22878560719640179,0.21512625643540084
645,Orlando Magic,0.512,3961,8078,2947,6763,43.6,568,1590,35.7,1616,2079,77.7,2002-03,0.23510276504509833,0.21094330279772222
646,Seattle SuperSonics,0.488,3971,7555,2887,6599,43.7,456,1291,35.3,1325,1780,74.4,2002-03,0.19563570237914835,0.18107213765718067
647,Golden State Warriors,0.463,3951,8400,3061,6941,44.1,425,1235,34.4,1853,2382,77.8,2002-03,0.17792825241319696,0.15178571428571427
648,New York Knicks,0.451,3971,7860,2967,6725,44.1,606,1582,38.3,1320,1620,81.5,2002-03,0.23524163568773235,0.23129770992366414
649,Washington Wizards,0.451,3966,7502,2816,6394,44.0,253,811,31.2,1617,2077,77.9,2002-03,0.12683766030653737,0.10117302052785923
650,Atlanta Hawks,0.427,3981,7714,2859,6434,44.4,402,1141,35.2,1594,2011,79.3,2002-03,0.1773391358408455,0.15633912367124708
651,Chicago Bulls,0.366,3985,7786,2991,6714,44.5,349,997,35.0,1455,2014,72.2,2002-03,0.14849568066726243,0.13447212946313897
652,Memphis Grizzlies,0.341,3986,7995,3049,6743,45.2,467,1279,36.5,1430,1936,73.9,2002-03,0.18967818478422066,0.175234521575985
653,Los Angeles Clippers,0.329,3951,7693,2835,6490,43.7,390,1178,33.1,1633,2177,75.0,2002-03,0.18151001540832049,0.15208631223189914
654,Miami Heat,0.305,3966,7016,2688,6517,41.2,348,1100,31.6,1292,1689,76.5,2002-03,0.16878932023937396,0.14880273660205245
655,Toronto Raptors,0.293,3961,7453,2847,6664,42.7,409,1193,34.3,1350,1879,71.8,2002-03,0.17902160864345737,0.1646316919361331
656,Cleveland Cavaliers,0.207,3966,7495,2850,6746,42.2,293,897,32.7,1502,2012,74.7,2002-03,0.13296768455380967,0.11727818545697132
657,Denver Nuggets,0.207,3946,6901,2689,6544,41.1,229,824,27.8,1294,1850,69.9,2002-03,0.12591687041564792,0.0995507897406173
658,Sacramento Kings,0.744,3951,8578,3267,7003,46.7,426,1160,36.7,1618,2154,75.1,2001-02,0.16564329573040126,0.14898577757052925
659,Los Angeles Lakers,0.707,3956,8304,3150,6840,46.1,510,1439,35.4,1494,2138,69.9,2001-02,0.21038011695906433,0.1842485549132948
660,San Antonio Spurs,0.707,3971,7932,2913,6363,45.8,438,1211,36.2,1668,2249,74.2,2001-02,0.19031903190319033,0.16565809379727686
661,Dallas Mavericks,0.695,3976,8629,3200,6930,46.2,621,1645,37.8,1608,1994,80.6,2001-02,0.23737373737373738,0.21589987252288795
662,New Jersey Nets,0.634,3966,7889,3042,6816,44.6,403,1194,33.8,1402,1907,73.5,2001-02,0.17517605633802816,0.15325136265686398
663,Detroit Pistons,0.61,3936,7735,2845,6301,45.2,567,1509,37.6,1478,1954,75.6,2001-02,0.23948579590541183,0.21990950226244343
664,Minnesota Timberwolves,0.61,3961,8145,3175,6887,46.1,396,1047,37.8,1399,1754,79.8,2001-02,0.152025555394221,0.14585635359116023
665,Boston Celtics,0.598,3966,7901,2852,6731,42.4,699,1946,35.9,1498,1960,76.4,2001-02,0.2891100876541376,0.2654094418428047
666,Portland Trail Blazers,0.598,3966,7925,3004,6671,45.0,466,1318,35.4,1451,1901,76.3,2001-02,0.1975715784739919,0.176403785488959
667,Seattle SuperSonics,0.549,3966,8014,3131,6681,46.9,489,1292,37.8,1263,1672,75.5,2001-02,0.19338422391857507,0.18305465435487897
668,Charlotte Hornets,0.537,3951,7700,2893,6580,44.0,346,994,34.8,1568,2105,74.5,2001-02,0.15106382978723404,0.13480519480519482
669,Orlando Magic,0.537,3966,8240,3087,6892,44.8,620,1660,37.3,1446,1917,75.4,2001-02,0.240858966918166,0.22572815533980584
670,Utah Jazz,0.537,3966,7871,2869,6374,45.0,280,842,33.3,1853,2430,76.3,2001-02,0.13209915280828366,0.1067208740947783
671,Philadelphia 76ers,0.524,3946,7461,2804,6436,43.6,214,715,29.9,1639,2104,77.9,2001-02,0.11109384711000622,0.08604744672295939
672,Indiana Pacers,0.512,3981,7938,2935,6580,44.6,405,1195,33.9,1663,2155,77.2,2001-02,0.18161094224924013,0.15306122448979592
673,Toronto Raptors,0.512,3951,7494,2919,6727,43.4,387,1109,34.9,1269,1717,73.9,2001-02,0.164858034785194,0.15492393915132105
674,Milwaukee Bucks,0.5,3981,7996,3041,6577,46.2,593,1583,37.5,1321,1767,74.8,2001-02,0.2406872434240535,0.2224862431215608
675,Los Angeles Clippers,0.476,3961,7846,2970,6668,44.5,408,1147,35.6,1498,2026,73.9,2001-02,0.17201559688062387,0.15600305888350752
676,Washington Wizards,0.451,3946,7609,2938,6664,44.1,305,786,38.8,1428,1866,76.5,2001-02,0.11794717887154862,0.1202523327638323
677,Miami Heat,0.439,3986,7150,2801,6382,43.9,312,899,34.7,1236,1708,72.4,2001-02,0.1408649326230022,0.13090909090909092
678,Phoenix Suns,0.439,3966,7802,3097,6934,44.7,358,1096,32.7,1250,1630,76.7,2001-02,0.15806172483415057,0.13765701102281466
679,Atlanta Hawks,0.402,3956,7711,2901,6610,43.9,423,1194,35.4,1486,1942,76.5,2001-02,0.18063540090771557,0.164570094669952
680,New York Knicks,0.366,3961,7514,2817,6520,43.2,474,1344,35.3,1406,1786,78.7,2001-02,0.20613496932515338,0.1892467394197498
681,Cleveland Cavaliers,0.354,3971,7812,2948,6582,44.8,387,1026,37.7,1529,1980,77.2,2001-02,0.15587967183226983,0.14861751152073732
682,Houston Rockets,0.341,3996,7572,2837,6629,42.8,496,1480,33.5,1402,1893,74.1,2001-02,0.22326142706290542,0.196513470681458
683,Denver Nuggets,0.329,3961,7559,2915,6870,42.4,423,1285,32.9,1306,1756,74.4,2001-02,0.18704512372634644,0.167879349120254
684,Memphis Grizzlies,0.28,3956,7372,2851,6535,43.6,336,1096,30.7,1334,1883,70.8,2001-02,0.1677123182861515,0.1367335865436788
685,Chicago Bulls,0.256,3961,7335,2811,6491,43.3,300,868,34.6,1413,1958,72.2,2001-02,0.1337236173162841,0.12269938650306748
686,Golden State Warriors,0.256,3956,8009,2998,6989,42.9,320,994,32.2,1693,2344,72.2,2001-02,0.14222349406209758,0.11986515170433262
687,San Antonio Spurs,0.707,3966,7886,2884,6262,46.1,445,1094,40.7,1673,2340,71.5,2000-01,0.17470456723091665,0.1692873446614253
688,Los Angeles Lakers,0.683,3981,8251,3109,6685,46.5,439,1275,34.4,1594,2333,68.3,2000-01,0.1907255048616305,0.15961701611925827
689,Philadelphia 76ers,0.683,3971,7763,2902,6487,44.7,262,803,32.6,1697,2277,74.5,2000-01,0.12378603360567289,0.10124951693932759
690,Sacramento Kings,0.671,4016,8343,3132,6969,44.9,479,1353,35.4,1600,2075,77.1,2000-01,0.1941455015066724,0.17224020136641496
691,Dallas Mavericks,0.646,3961,8239,3085,6716,45.9,517,1357,38.1,1552,1954,79.4,2000-01,0.20205479452054795,0.1882510013351135
692,Utah Jazz,0.646,3956,7959,2960,6289,47.1,325,852,38.1,1714,2280,75.2,2000-01,0.1354746382572746,0.12250282698831512
693,Milwaukee Bucks,0.634,3956,8260,3112,6798,45.8,562,1481,37.9,1474,1874,78.7,2000-01,0.21785819358634892,0.20411622276029057
694,Phoenix Suns,0.622,3961,7710,2944,6757,43.6,332,1054,31.5,1490,1973,75.5,2000-01,0.15598638449015836,0.12918287937743192
695,Miami Heat,0.61,3976,7289,2694,6258,43.0,478,1384,34.5,1423,1874,75.9,2000-01,0.22115691914349633,0.1967348058718617
696,Portland Trail Blazers,0.61,3956,7824,3004,6417,46.8,369,1057,34.9,1447,1899,76.2,2000-01,0.16471871591086176,0.14148773006134968
697,New York Knicks,0.585,3981,7275,2755,6198,44.4,391,1115,35.1,1374,1727,79.6,2000-01,0.1798967408841562,0.16123711340206184
698,Minnesota Timberwolves,0.573,3966,7982,3148,6871,45.8,322,901,35.7,1364,1737,78.5,2000-01,0.13113083976131568,0.12102230017539464
699,Toronto Raptors,0.573,3991,8007,3048,6972,43.7,429,1164,36.9,1482,1985,74.7,2000-01,0.16695352839931152,0.1607343574372424
700,Charlotte Hornets,0.561,3976,7539,2800,6501,43.1,340,984,34.6,1599,2146,74.5,2000-01,0.15136132902630364,0.13529645841623558
701,Houston Rockets,0.549,3966,7972,2943,6494,45.3,504,1412,35.7,1582,2086,75.8,2000-01,0.2174314752078842,0.18966382338183643
702,Seattle SuperSonics,0.537,3961,7978,3029,6649,45.6,466,1169,39.9,1454,1986,73.2,2000-01,0.17581591216724318,0.17523188769115067
703,Orlando Magic,0.524,3991,7992,3013,6873,43.8,490,1346,36.4,1476,2068,71.4,2000-01,0.19583878946602648,0.18393393393393392
704,Indiana Pacers,0.5,3996,7591,2828,6431,44.0,396,1159,34.2,1539,2009,76.6,2000-01,0.1802208054734878,0.1565011197470689
705,Denver Nuggets,0.488,3956,7918,2979,6877,43.3,512,1444,35.5,1448,1964,73.7,2000-01,0.20997527991856915,0.19398838090426876
706,Boston Celtics,0.439,3966,7759,2773,6485,42.8,592,1633,36.3,1621,2190,74.0,2000-01,0.2518118735543562,0.22889547622116252
707,Detroit Pistons,0.39,3971,7837,2919,6880,42.4,389,1112,35.0,1610,2233,72.1,2000-01,0.16162790697674417,0.14890902130917444
708,Los Angeles Clippers,0.378,4006,7581,2896,6467,44.8,360,1063,33.9,1429,2061,69.3,2000-01,0.16437297046543992,0.14246141669964385
709,Cleveland Cavaliers,0.366,3966,7561,2890,6532,44.2,220,659,33.4,1561,2040,76.5,2000-01,0.10088793631353338,0.08729004099986774
710,New Jersey Nets,0.317,3946,7552,2781,6550,42.5,361,1084,33.3,1629,2146,75.9,2000-01,0.16549618320610687,0.14340572033898305
711,Atlanta Hawks,0.305,3946,7459,2876,6668,43.1,333,933,35.7,1374,1811,75.9,2000-01,0.1399220155968806,0.1339321624882692
712,Vancouver Grizzlies,0.28,3956,7522,2870,6539,43.9,325,947,34.3,1457,1892,77.0,2000-01,0.1448233674873834,0.12961978197287954
713,Washington Wizards,0.232,3936,7645,2833,6453,43.9,275,848,32.4,1704,2245,75.9,2000-01,0.13141174647450798,0.1079136690647482
714,Golden State Warriors,0.207,3956,7584,2937,7175,40.9,282,964,29.3,1428,2024,70.6,2000-01,0.1343554006968641,0.1115506329113924
715,Chicago Bulls,0.183,3971,7181,2721,6411,42.4,329,950,34.6,1410,1909,73.9,2000-01,0.1481828107939479,0.13744603815624565
