teamstatspk,team,win_percentage,minutes,points,field_goals_made,field_goals_attempted,field_goal_percentage,three_pointers_made,three_pointers_attempted,three_point_percentage,free_throws_made,free_throw_attempted,free_throw_percentage,season,playoff_stage,three_point_volume,three_point_contribution,season_year,three_pt_tier
0,Milwaukee Bucks,0.696,48.4,110.3,42.1,91.1,0.462,11.2,35.0,0.321,14.9,20.8,0.718,2020-21,Champion,0.38419319429198684,0.3046237533998186,2020,Low
1,Phoenix Suns,0.636,48.0,109.0,40.9,85.0,0.48100000000000004,11.2,29.7,0.376,16.0,18.6,0.861,2020-21,Finals,0.34941176470588237,0.3082568807339449,2020,High
2,Brooklyn Nets,0.583,48.4,112.5,40.7,86.2,0.47200000000000003,13.6,35.6,0.382,17.6,20.3,0.868,2020-21,Conf Semis,0.41299303944315546,0.36266666666666664,2020,High
3,Philadelphia 76ers,0.583,48.0,116.3,42.5,85.8,0.496,11.2,28.4,0.39299999999999996,20.1,29.3,0.685,2020-21,Conf Semis,0.331002331002331,0.28890799656061905,2020,High
4,Atlanta Hawks,0.556,48.0,106.3,38.9,86.8,0.449,11.7,34.2,0.34299999999999997,16.7,20.9,0.7979999999999999,2020-21,Conf Finals,0.3940092165898618,0.33019755409219187,2020,Medium
5,Utah Jazz,0.545,48.0,116.9,39.7,84.2,0.47200000000000003,18.0,43.6,0.413,19.5,24.3,0.8009999999999999,2020-21,Conf Semis,0.517814726840855,0.4619332763045338,2020,High
6,LA Clippers,0.526,48.0,111.6,39.1,81.9,0.47700000000000004,13.8,36.4,0.381,19.5,23.7,0.823,2020-21,Conf Finals,0.4444444444444444,0.37096774193548393,2020,High
7,Dallas Mavericks,0.429,48.0,106.0,39.1,86.0,0.455,13.6,35.0,0.38799999999999996,14.1,20.0,0.7070000000000001,2020-21,R1 Exit,0.4069767441860465,0.38490566037735846,2020,High
8,Denver Nuggets,0.4,49.0,114.8,42.1,92.2,0.457,14.7,38.5,0.382,15.9,20.9,0.7609999999999999,2020-21,Conf Semis,0.41757049891540127,0.3841463414634146,2020,High
9,Los Angeles Lakers,0.333,48.0,97.5,34.3,83.0,0.414,9.8,32.8,0.299,19.0,24.5,0.7759999999999999,2020-21,R1 Exit,0.39518072289156625,0.30153846153846153,2020,Low
10,Portland Trail Blazers,0.333,49.7,119.5,42.0,88.3,0.475,16.2,39.2,0.413,19.3,22.7,0.853,2020-21,R1 Exit,0.4439411098527747,0.40669456066945603,2020,High
11,Boston Celtics,0.2,48.0,112.2,38.4,88.2,0.435,12.8,36.6,0.35,22.6,27.4,0.825,2020-21,R1 Exit,0.41496598639455784,0.34224598930481287,2020,Medium
12,Memphis Grizzlies,0.2,48.0,115.0,44.2,94.4,0.46799999999999997,10.4,31.6,0.32899999999999996,16.2,20.4,0.794,2020-21,R1 Exit,0.3347457627118644,0.271304347826087,2020,Medium
13,New York Knicks,0.2,48.0,97.0,34.4,86.4,0.39799999999999996,10.4,30.4,0.342,17.8,21.8,0.8170000000000001,2020-21,R1 Exit,0.3518518518518518,0.3216494845360825,2020,Medium
14,Washington Wizards,0.2,48.0,110.0,40.6,88.6,0.45799999999999996,7.0,24.2,0.289,21.8,29.0,0.752,2020-21,R1 Exit,0.27313769751693,0.19090909090909092,2020,Low
15,Miami Heat,0.0,49.3,98.0,35.3,89.3,0.395,12.0,35.8,0.336,15.5,20.3,0.765,2020-21,R1 Exit,0.4008958566629339,0.3673469387755102,2020,Medium
16,Los Angeles Lakers,0.762,48.0,112.8,41.0,84.0,0.489,12.1,34.2,0.354,18.6,24.6,0.758,2019-20,Champion,0.4071428571428572,0.32180851063829785,2019,Medium
17,Miami Heat,0.667,48.5,110.0,37.7,82.0,0.46,12.8,35.5,0.359,21.8,26.4,0.825,2019-20,Finals,0.4329268292682927,0.3490909090909091,2019,Medium
18,Toronto Raptors,0.636,48.9,109.4,39.1,88.5,0.442,14.6,40.3,0.363,16.5,21.3,0.778,2019-20,Conf Semis,0.455367231638418,0.40036563071297987,2019,High
19,Boston Celtics,0.588,48.9,109.4,38.6,84.9,0.45399999999999996,12.4,36.4,0.341,19.8,24.2,0.816,2019-20,Conf Finals,0.42873969375736154,0.340036563071298,2019,Medium
20,LA Clippers,0.538,48.4,114.0,40.9,86.4,0.474,12.1,32.8,0.368,20.1,25.2,0.7979999999999999,2019-20,Conf Semis,0.3796296296296296,0.31842105263157894,2019,High
21,Milwaukee Bucks,0.5,48.5,111.1,40.1,87.1,0.46,13.3,37.1,0.358,17.6,24.3,0.7240000000000001,2019-20,Conf Semis,0.42594718714121704,0.3591359135913592,2019,Medium
22,Denver Nuggets,0.474,48.3,107.4,38.8,82.5,0.47100000000000003,12.3,32.4,0.379,17.5,21.4,0.816,2019-20,Conf Finals,0.3927272727272727,0.34357541899441346,2019,High
23,Oklahoma City Thunder,0.429,48.7,104.0,36.7,85.4,0.43,12.0,36.6,0.32799999999999996,18.6,24.0,0.774,2019-20,R1 Exit,0.42857142857142855,0.34615384615384615,2019,Medium
24,Utah Jazz,0.429,48.7,113.4,39.9,81.9,0.48700000000000004,15.7,37.3,0.42100000000000004,18.0,23.3,0.773,2019-20,R1 Exit,0.45543345543345537,0.4153439153439153,2019,High
25,Houston Rockets,0.417,48.4,107.7,37.4,85.8,0.436,16.9,46.8,0.36200000000000004,15.9,20.2,0.789,2019-20,Conf Semis,0.5454545454545454,0.4707520891364902,2019,High
26,Dallas Mavericks,0.333,48.8,117.0,42.2,89.2,0.473,13.5,37.5,0.36,19.2,26.5,0.723,2019-20,R1 Exit,0.4204035874439462,0.34615384615384615,2019,Medium
27,Orlando Magic,0.2,48.0,107.0,37.2,88.6,0.42,15.0,39.8,0.377,17.6,21.0,0.838,2019-20,R1 Exit,0.4492099322799097,0.4205607476635514,2019,High
28,Portland Trail Blazers,0.2,48.0,106.6,37.6,88.2,0.426,11.6,30.6,0.379,19.8,25.0,0.792,2019-20,R1 Exit,0.3469387755102041,0.32645403377110693,2019,High
29,Brooklyn Nets,0.0,48.0,105.8,36.3,91.3,0.397,15.5,46.0,0.337,17.8,24.5,0.7240000000000001,2019-20,R1 Exit,0.5038335158817087,0.4395085066162571,2019,Medium
30,Indiana Pacers,0.0,48.0,100.8,36.5,80.3,0.455,12.0,32.0,0.375,15.8,20.3,0.778,2019-20,R1 Exit,0.3985056039850561,0.35714285714285715,2019,High
31,Philadelphia 76ers,0.0,48.0,100.5,33.3,84.0,0.396,8.0,30.3,0.264,26.0,32.0,0.813,2019-20,R1 Exit,0.3607142857142857,0.23880597014925373,2019,Low
32,Milwaukee Bucks,0.667,48.7,112.8,39.8,88.3,0.451,12.8,38.1,0.336,20.4,28.0,0.7290000000000001,2018-19,Conf Finals,0.4314835787089468,0.34042553191489366,2018,Medium
33,Toronto Raptors,0.667,48.4,106.6,37.7,84.8,0.444,11.9,34.5,0.34600000000000003,19.3,23.3,0.83,2018-19,Champion,0.40683962264150947,0.33489681050656667,2018,Medium
34,Golden State Warriors,0.636,48.5,114.1,41.1,86.1,0.47700000000000004,12.2,32.7,0.37200000000000005,19.8,24.3,0.813,2018-19,Finals,0.37979094076655057,0.3207712532865907,2018,High
35,Philadelphia 76ers,0.583,48.0,108.7,39.4,85.8,0.45899999999999996,9.4,28.4,0.331,20.4,25.8,0.79,2018-19,Conf Semis,0.331002331002331,0.2594296228150874,2018,Medium
36,Boston Celtics,0.556,48.0,102.1,35.7,84.1,0.424,11.3,33.0,0.34299999999999997,19.4,24.2,0.8029999999999999,2018-19,Conf Semis,0.39239001189060646,0.3320274240940255,2018,Medium
37,Houston Rockets,0.545,48.5,108.5,37.2,83.8,0.444,15.6,42.7,0.366,18.5,24.3,0.764,2018-19,Conf Semis,0.509546539379475,0.4313364055299539,2018,High
38,Denver Nuggets,0.5,49.4,109.1,39.9,90.2,0.44299999999999995,9.6,27.8,0.344,19.7,25.2,0.782,2018-19,Conf Semis,0.3082039911308204,0.26397800183318054,2018,Medium
39,Portland Trail Blazers,0.5,49.6,109.7,39.4,90.4,0.436,11.8,32.8,0.36,19.0,24.8,0.7659999999999999,2018-19,Conf Finals,0.3628318584070796,0.32269826800364637,2018,Medium
40,San Antonio Spurs,0.429,48.0,103.3,39.4,85.1,0.46299999999999997,6.7,19.9,0.33799999999999997,17.7,23.0,0.77,2018-19,R1 Exit,0.23384253819036427,0.19457889641819945,2018,Medium
41,LA Clippers,0.333,48.0,114.7,39.8,89.2,0.447,11.5,31.7,0.363,23.5,28.8,0.815,2018-19,R1 Exit,0.3553811659192825,0.3007846556233653,2018,High
42,Brooklyn Nets,0.2,48.0,111.4,38.4,91.4,0.42,11.0,34.0,0.324,23.6,29.2,0.8079999999999999,2018-19,R1 Exit,0.37199124726477023,0.296229802513465,2018,Low
43,Oklahoma City Thunder,0.2,48.0,105.2,37.8,86.0,0.44,10.4,31.4,0.331,19.2,25.4,0.7559999999999999,2018-19,R1 Exit,0.3651162790697674,0.2965779467680609,2018,Medium
44,Orlando Magic,0.2,48.0,92.0,32.2,83.0,0.38799999999999996,10.4,34.8,0.299,17.2,22.2,0.775,2018-19,R1 Exit,0.4192771084337349,0.33913043478260874,2018,Low
45,Utah Jazz,0.2,48.0,97.8,34.6,86.4,0.4,9.4,35.8,0.263,19.2,25.6,0.75,2018-19,R1 Exit,0.4143518518518518,0.28834355828220865,2018,Low
46,Detroit Pistons,0.0,48.0,98.0,37.5,96.8,0.38799999999999996,11.0,33.3,0.331,12.0,16.5,0.727,2018-19,R1 Exit,0.3440082644628099,0.336734693877551,2018,Medium
47,Indiana Pacers,0.0,48.0,91.8,33.5,83.5,0.401,10.0,29.8,0.336,14.8,20.5,0.72,2018-19,R1 Exit,0.3568862275449102,0.32679738562091504,2018,Medium
48,Golden State Warriors,0.762,48.2,110.4,41.2,86.0,0.48,11.2,31.4,0.35700000000000004,16.8,20.4,0.8220000000000001,2017-18,Champion,0.3651162790697674,0.30434782608695643,2017,Medium
49,Houston Rockets,0.647,48.0,104.9,37.2,85.3,0.436,13.4,39.8,0.337,17.2,22.2,0.772,2017-18,Conf Finals,0.46658851113716293,0.38322211630123926,2017,Medium
50,Boston Celtics,0.579,48.5,101.4,36.4,83.3,0.43700000000000006,10.5,30.6,0.34299999999999997,18.1,23.5,0.767,2017-18,Conf Finals,0.3673469387755102,0.3106508875739645,2017,Medium
51,New Orleans Pelicans,0.556,48.0,110.0,42.9,89.8,0.478,9.9,27.0,0.366,14.3,18.3,0.782,2017-18,Conf Semis,0.30066815144766146,0.27,2017,High
52,Cleveland Cavaliers,0.545,48.5,101.1,36.9,81.9,0.45,10.0,30.3,0.331,17.4,23.1,0.752,2017-18,Finals,0.3699633699633699,0.2967359050445104,2017,Medium
53,Philadelphia 76ers,0.5,48.5,108.8,38.7,88.5,0.43700000000000006,9.9,29.3,0.33799999999999997,21.5,28.3,0.76,2017-18,Conf Semis,0.33107344632768365,0.2729779411764706,2017,Medium
54,Utah Jazz,0.455,48.0,102.4,37.7,82.9,0.455,10.7,29.9,0.359,16.2,23.5,0.687,2017-18,Conf Semis,0.36067551266586245,0.31347656249999994,2017,Medium
55,Indiana Pacers,0.429,48.0,100.6,38.6,80.1,0.48100000000000004,9.7,27.1,0.358,13.7,19.3,0.711,2017-18,R1 Exit,0.33832709113607995,0.28926441351888665,2017,Medium
56,Milwaukee Bucks,0.429,48.7,101.9,39.1,78.3,0.5,9.6,25.7,0.37200000000000005,14.0,19.9,0.705,2017-18,R1 Exit,0.3282247765006386,0.28263002944062804,2017,High
57,Toronto Raptors,0.4,48.5,107.3,38.9,82.3,0.473,10.4,26.7,0.39,19.1,23.9,0.799,2017-18,Conf Semis,0.3244228432563791,0.2907735321528425,2017,High
58,Oklahoma City Thunder,0.333,48.0,101.2,37.2,86.5,0.43,10.5,28.8,0.364,16.3,21.2,0.772,2017-18,R1 Exit,0.3329479768786127,0.31126482213438733,2017,High
59,Washington Wizards,0.333,48.0,107.2,39.7,85.2,0.466,8.0,21.8,0.366,19.8,23.3,0.85,2017-18,R1 Exit,0.25586854460093894,0.22388059701492538,2017,High
60,Miami Heat,0.2,48.0,103.4,36.6,82.8,0.442,10.8,27.6,0.391,19.4,28.6,0.6779999999999999,2017-18,R1 Exit,0.33333333333333337,0.3133462282398453,2017,High
61,Minnesota Timberwolves,0.2,48.0,101.6,38.0,82.6,0.46,9.0,21.8,0.413,16.6,22.8,0.728,2017-18,R1 Exit,0.26392251815980633,0.265748031496063,2017,High
62,San Antonio Spurs,0.2,48.0,96.8,34.6,83.8,0.413,8.4,28.2,0.298,19.2,23.0,0.835,2017-18,R1 Exit,0.33651551312649164,0.2603305785123967,2017,Low
63,Portland Trail Blazers,0.0,48.0,105.5,41.3,91.0,0.45299999999999996,10.8,32.3,0.33299999999999996,12.3,15.8,0.778,2017-18,R1 Exit,0.3549450549450549,0.30710900473933656,2017,Medium
64,Golden State Warriors,0.941,48.0,119.3,42.9,87.0,0.494,12.7,32.9,0.386,20.7,25.4,0.815,2016-17,Champion,0.37816091954022985,0.31936295054484487,2016,High
65,Cleveland Cavaliers,0.722,48.0,116.2,40.9,83.1,0.493,14.2,33.9,0.42,20.1,26.2,0.767,2016-17,Finals,0.40794223826714804,0.3666092943201376,2016,High
66,Houston Rockets,0.545,48.5,107.7,37.3,85.0,0.439,12.8,38.5,0.33299999999999996,20.4,25.8,0.789,2016-17,Conf Semis,0.45294117647058824,0.35654596100278557,2016,Medium
67,Washington Wizards,0.538,48.4,108.1,40.1,87.6,0.457,8.4,26.5,0.317,19.5,24.6,0.794,2016-17,Conf Semis,0.3025114155251142,0.23311748381128589,2016,Low
68,Boston Celtics,0.5,48.3,105.2,38.4,84.1,0.457,12.7,34.4,0.369,15.7,20.3,0.773,2016-17,Conf Finals,0.4090368608799049,0.3621673003802281,2016,High
69,San Antonio Spurs,0.5,48.6,107.1,40.0,86.6,0.462,8.6,24.4,0.35,18.5,23.9,0.773,2016-17,Conf Finals,0.2817551963048499,0.24089635854341734,2016,Medium
70,LA Clippers,0.429,48.0,97.7,36.4,77.0,0.473,8.1,23.4,0.348,16.7,24.0,0.696,2016-17,R1 Exit,0.3038961038961039,0.2487205731832139,2016,Medium
71,Toronto Raptors,0.4,48.0,96.7,35.3,79.5,0.444,7.8,23.5,0.332,18.3,22.5,0.813,2016-17,Conf Semis,0.29559748427672955,0.2419855222337125,2016,Medium
72,Utah Jazz,0.364,48.0,97.8,35.6,78.4,0.455,9.5,25.9,0.365,17.1,23.4,0.732,2016-17,Conf Semis,0.3303571428571428,0.29141104294478526,2016,High
73,Atlanta Hawks,0.333,48.0,105.5,37.5,84.5,0.444,8.3,27.3,0.305,22.2,29.0,0.764,2016-17,R1 Exit,0.3230769230769231,0.2360189573459716,2016,Low
74,Chicago Bulls,0.333,48.0,96.5,36.3,82.5,0.44,7.0,23.5,0.298,16.8,19.8,0.8490000000000001,2016-17,R1 Exit,0.28484848484848485,0.21761658031088082,2016,Low
75,Memphis Grizzlies,0.333,48.8,96.3,34.7,77.2,0.449,9.3,24.2,0.386,17.7,20.3,0.8690000000000001,2016-17,R1 Exit,0.3134715025906736,0.28971962616822433,2016,High
76,Milwaukee Bucks,0.333,48.0,93.2,34.8,78.2,0.446,9.0,21.7,0.415,14.5,20.8,0.696,2016-17,R1 Exit,0.2774936061381074,0.2896995708154506,2016,High
77,Oklahoma City Thunder,0.2,48.0,104.2,38.6,87.4,0.442,8.4,27.0,0.311,18.6,27.0,0.6890000000000001,2016-17,R1 Exit,0.30892448512585813,0.24184261036468332,2016,Low
78,Indiana Pacers,0.0,48.0,108.8,40.5,87.0,0.466,11.3,28.8,0.391,16.5,21.5,0.767,2016-17,R1 Exit,0.3310344827586207,0.31158088235294124,2016,High
79,Portland Trail Blazers,0.0,48.0,101.5,35.5,89.5,0.397,11.0,34.0,0.324,19.5,24.3,0.804,2016-17,R1 Exit,0.37988826815642457,0.3251231527093596,2016,Low
80,Cleveland Cavaliers,0.762,48.0,104.8,38.3,81.8,0.469,12.3,30.2,0.406,15.8,21.8,0.725,2015-16,Champion,0.3691931540342298,0.35209923664122145,2015,High
81,Golden State Warriors,0.625,48.2,107.7,38.9,85.6,0.455,12.8,32.4,0.39299999999999996,17.1,23.3,0.735,2015-16,Finals,0.37850467289719625,0.35654596100278557,2015,High
82,Oklahoma City Thunder,0.611,48.0,106.4,38.2,84.5,0.452,8.3,24.9,0.33299999999999996,21.7,27.6,0.7859999999999999,2015-16,Conf Finals,0.29467455621301775,0.23402255639097744,2015,Medium
83,San Antonio Spurs,0.6,48.0,102.0,38.7,82.5,0.469,8.2,19.1,0.429,16.4,20.5,0.8,2015-16,Conf Semis,0.23151515151515153,0.24117647058823527,2015,High
84,Miami Heat,0.5,49.1,96.9,36.9,80.5,0.45799999999999996,6.9,19.1,0.358,16.3,21.3,0.765,2015-16,Conf Semis,0.23726708074534164,0.21362229102167185,2015,Medium
85,Toronto Raptors,0.5,48.8,93.4,34.3,81.4,0.42100000000000004,6.9,23.0,0.298,18.1,24.5,0.737,2015-16,Conf Finals,0.28255528255528256,0.22162740899357602,2015,Low
86,Portland Trail Blazers,0.455,48.5,105.0,37.1,89.1,0.41600000000000004,11.9,31.3,0.381,18.9,25.5,0.74,2015-16,Conf Semis,0.35129068462401797,0.34,2015,High
87,Charlotte Hornets,0.429,48.0,90.3,31.9,80.4,0.396,5.7,18.6,0.308,20.9,24.9,0.8390000000000001,2015-16,R1 Exit,0.23134328358208955,0.18936877076411962,2015,Low
88,Indiana Pacers,0.429,48.0,93.7,33.0,74.9,0.441,8.1,21.3,0.38299999999999995,19.6,23.9,0.82,2015-16,R1 Exit,0.2843791722296395,0.25933831376734257,2015,High
89,Atlanta Hawks,0.4,48.5,100.1,36.6,84.8,0.43200000000000005,10.6,31.8,0.33299999999999996,16.3,20.5,0.795,2015-16,Conf Semis,0.375,0.3176823176823177,2015,Medium
90,Boston Celtics,0.333,48.8,93.8,34.3,89.5,0.384,8.7,31.5,0.275,16.5,21.0,0.7859999999999999,2015-16,R1 Exit,0.35195530726256985,0.2782515991471215,2015,Low
91,LA Clippers,0.333,48.0,98.3,37.2,85.0,0.43700000000000006,5.7,19.5,0.29100000000000004,18.3,29.3,0.625,2015-16,R1 Exit,0.22941176470588234,0.17395727365208546,2015,Low
92,Dallas Mavericks,0.2,48.0,93.8,35.4,81.2,0.436,6.2,21.4,0.29,16.8,24.2,0.6940000000000001,2015-16,R1 Exit,0.2635467980295566,0.1982942430703625,2015,Low
93,Houston Rockets,0.2,48.0,91.2,33.0,85.6,0.386,7.6,28.4,0.268,17.6,27.4,0.642,2015-16,R1 Exit,0.3317757009345794,0.24999999999999997,2015,Low
94,Detroit Pistons,0.0,48.0,95.0,36.0,75.3,0.478,8.8,23.3,0.376,14.3,22.0,0.648,2015-16,R1 Exit,0.3094289508632138,0.2778947368421053,2015,High
95,Memphis Grizzlies,0.0,48.0,81.0,32.0,81.3,0.39399999999999996,4.8,16.0,0.297,12.3,17.5,0.7,2015-16,R1 Exit,0.1968019680196802,0.17777777777777776,2015,Low
96,Golden State Warriors,0.762,48.7,103.3,38.2,84.2,0.45299999999999996,11.4,30.5,0.374,15.5,22.1,0.6990000000000001,2014-15,Champion,0.36223277909738716,0.3310745401742498,2014,High
97,Cleveland Cavaliers,0.7,48.8,99.0,34.7,82.7,0.42,9.8,28.7,0.34,19.9,26.9,0.738,2014-15,Finals,0.3470374848851269,0.296969696969697,2014,Medium
98,Washington Wizards,0.6,48.5,101.1,37.3,84.5,0.441,9.4,23.3,0.40299999999999997,17.1,23.7,0.722,2014-15,Conf Semis,0.2757396449704142,0.2789317507418398,2014,High
99,Memphis Grizzlies,0.545,48.0,94.7,35.7,84.1,0.425,4.4,14.0,0.312,18.9,22.7,0.8320000000000001,2014-15,Conf Semis,0.16646848989298454,0.13938753959873285,2014,Low
100,Houston Rockets,0.529,48.0,108.2,37.4,83.4,0.44799999999999995,9.5,27.5,0.344,24.0,36.7,0.654,2014-15,Conf Finals,0.32973621103117506,0.2634011090573013,2014,Medium
101,Atlanta Hawks,0.5,48.6,98.0,36.9,85.6,0.431,9.1,28.6,0.317,15.2,19.4,0.7809999999999999,2014-15,Conf Finals,0.33411214953271035,0.2785714285714285,2014,Low
102,Chicago Bulls,0.5,48.8,96.0,35.1,83.8,0.419,9.2,24.6,0.373,16.7,21.5,0.775,2014-15,Conf Semis,0.29355608591885446,0.2875,2014,High
103,Los Angeles Clippers,0.5,48.4,107.8,39.5,84.8,0.466,8.4,25.4,0.32899999999999996,20.4,30.6,0.667,2014-15,Conf Semis,0.29952830188679247,0.2337662337662338,2014,Medium
104,San Antonio Spurs,0.429,48.7,103.4,38.3,85.3,0.449,9.6,26.1,0.366,17.3,25.4,0.68,2014-15,R1 Exit,0.30597889800703404,0.2785299806576402,2014,High
105,Brooklyn Nets,0.333,48.8,96.3,36.2,83.2,0.435,8.5,24.0,0.354,15.5,20.8,0.7440000000000001,2014-15,R1 Exit,0.28846153846153844,0.264797507788162,2014,Medium
106,Milwaukee Bucks,0.333,49.7,88.5,34.2,88.2,0.38799999999999996,5.5,18.2,0.303,14.7,20.8,0.7040000000000001,2014-15,R1 Exit,0.20634920634920634,0.1864406779661017,2014,Low
107,Dallas Mavericks,0.2,48.0,110.0,41.6,92.0,0.452,7.6,24.4,0.311,19.2,25.2,0.762,2014-15,R1 Exit,0.2652173913043478,0.20727272727272725,2014,Low
108,Portland Trail Blazers,0.2,48.0,93.8,33.4,83.6,0.4,9.2,26.2,0.35100000000000003,17.8,21.6,0.8240000000000001,2014-15,R1 Exit,0.3133971291866029,0.2942430703624733,2014,Medium
109,Boston Celtics,0.0,48.0,94.8,34.8,82.8,0.42,5.5,21.5,0.256,19.8,25.5,0.775,2014-15,R1 Exit,0.25966183574879226,0.17405063291139242,2014,Low
110,New Orleans Pelicans,0.0,49.3,100.8,38.0,84.3,0.451,6.8,21.3,0.318,18.0,22.3,0.809,2014-15,R1 Exit,0.2526690391459075,0.20238095238095238,2014,Low
111,Toronto Raptors,0.0,49.3,96.3,36.8,88.3,0.41600000000000004,7.5,25.0,0.3,15.3,21.3,0.718,2014-15,R1 Exit,0.28312570781426954,0.2336448598130841,2014,Low
112,San Antonio Spurs,0.696,48.2,106.3,39.7,80.9,0.491,8.8,21.6,0.409,18.0,23.5,0.767,2013-14,Champion,0.2669962917181706,0.24835371589840077,2013,High
113,Miami Heat,0.65,48.0,97.3,35.4,72.2,0.491,9.3,23.5,0.396,17.2,22.0,0.78,2013-14,Finals,0.3254847645429363,0.28674203494347383,2013,High
114,Washington Wizards,0.545,48.5,90.4,34.5,79.7,0.43200000000000005,5.6,16.8,0.335,15.8,22.7,0.696,2013-14,Conf Semis,0.2107904642409034,0.18584070796460173,2013,Medium
115,Indiana Pacers,0.526,48.0,91.6,33.6,74.5,0.451,7.3,19.3,0.38,17.0,23.4,0.727,2013-14,Conf Finals,0.25906040268456376,0.2390829694323144,2013,High
116,Oklahoma City Thunder,0.526,49.3,102.5,36.6,81.4,0.45,7.5,23.3,0.32299999999999995,21.8,26.6,0.82,2013-14,Conf Finals,0.28624078624078625,0.21951219512195122,2013,Low
117,Los Angeles Clippers,0.462,48.0,108.8,39.4,85.4,0.461,9.2,25.8,0.355,20.8,28.5,0.73,2013-14,Conf Semis,0.30210772833723654,0.2536764705882353,2013,Medium
118,Portland Trail Blazers,0.455,49.4,104.3,38.4,87.7,0.43700000000000006,7.9,22.8,0.34700000000000003,19.6,24.6,0.797,2013-14,Conf Semis,0.25997719498289623,0.22722914669223399,2013,Medium
119,Atlanta Hawks,0.429,48.0,92.4,30.3,78.7,0.385,11.3,32.9,0.34299999999999997,20.6,24.9,0.828,2013-14,R1 Exit,0.4180432020330368,0.3668831168831169,2013,Medium
120,Dallas Mavericks,0.429,48.0,101.1,39.1,86.7,0.451,8.4,22.4,0.376,14.4,18.9,0.765,2013-14,R1 Exit,0.25836216839677045,0.24925816023738875,2013,High
121,Golden State Warriors,0.429,48.0,106.4,38.3,83.1,0.46,9.6,26.3,0.364,20.3,27.9,0.728,2013-14,R1 Exit,0.31648616125150425,0.2706766917293233,2013,High
122,Memphis Grizzlies,0.429,50.9,96.7,36.7,88.1,0.41700000000000004,4.4,15.3,0.29,18.9,25.9,0.7290000000000001,2013-14,R1 Exit,0.1736662883087401,0.13650465356773528,2013,Low
123,Toronto Raptors,0.429,48.0,96.1,32.7,74.1,0.441,6.6,21.0,0.313,24.1,29.0,0.833,2013-14,R1 Exit,0.2834008097165992,0.2060353798126951,2013,Low
124,Brooklyn Nets,0.417,48.0,95.5,34.8,75.1,0.46299999999999997,7.8,22.7,0.342,18.3,24.8,0.737,2013-14,Conf Semis,0.3022636484687084,0.2450261780104712,2013,Medium
125,Houston Rockets,0.333,50.5,112.0,40.8,91.7,0.445,8.2,25.7,0.318,22.2,29.8,0.743,2013-14,R1 Exit,0.2802617230098146,0.2196428571428571,2013,Low
126,Chicago Bulls,0.2,49.0,90.0,33.2,78.6,0.42200000000000004,6.4,19.2,0.33299999999999996,17.2,22.8,0.754,2013-14,R1 Exit,0.24427480916030536,0.21333333333333337,2013,Medium
127,Charlotte Bobcats,0.0,48.0,92.0,33.8,75.3,0.449,7.8,21.3,0.365,16.8,23.5,0.713,2013-14,R1 Exit,0.28286852589641437,0.2543478260869565,2013,High
128,San Antonio Spurs,0.714,49.4,100.3,38.0,82.2,0.46299999999999997,7.9,20.8,0.37799999999999995,16.4,21.5,0.763,2012-13,Finals,0.25304136253041365,0.23629112662013962,2012,High
129,Miami Heat,0.696,48.4,97.1,35.8,76.6,0.46799999999999997,7.7,20.2,0.381,17.8,23.2,0.7659999999999999,2012-13,Champion,0.26370757180156656,0.23789907312049435,2012,High
130,Indiana Pacers,0.579,48.3,91.8,32.2,74.4,0.433,6.3,19.2,0.327,21.1,28.5,0.74,2012-13,Conf Finals,0.25806451612903225,0.20588235294117646,2012,Low
131,Memphis Grizzlies,0.533,49.0,94.7,34.1,81.5,0.418,4.8,14.8,0.324,21.7,29.1,0.748,2012-13,Conf Finals,0.18159509202453988,0.15205913410770852,2012,Low
132,Golden State Warriors,0.5,49.3,102.7,39.0,84.4,0.462,8.7,22.3,0.38799999999999996,16.0,21.8,0.736,2012-13,Conf Semis,0.26421800947867297,0.2541382667964946,2012,High
133,New York Knicks,0.5,48.4,88.6,33.3,81.0,0.41,8.0,23.3,0.34299999999999997,14.1,18.0,0.782,2012-13,Conf Semis,0.2876543209876543,0.2708803611738149,2012,Medium
134,Oklahoma City Thunder,0.455,48.5,98.5,34.8,81.6,0.42700000000000005,8.6,24.7,0.349,20.2,24.1,0.838,2012-13,Conf Semis,0.3026960784313726,0.26192893401015227,2012,Medium
135,Brooklyn Nets,0.429,50.1,99.4,37.0,83.7,0.442,6.1,19.4,0.316,19.3,25.4,0.758,2012-13,R1 Exit,0.23178016726403822,0.18410462776659955,2012,Low
136,Chicago Bulls,0.417,49.3,91.9,35.0,79.9,0.43799999999999994,5.4,17.0,0.319,16.5,22.9,0.72,2012-13,Conf Semis,0.21276595744680848,0.176278563656148,2012,Low
137,Atlanta Hawks,0.333,48.0,89.3,32.7,77.3,0.42200000000000004,6.2,18.7,0.33,17.8,26.2,0.682,2012-13,R1 Exit,0.24191461836998707,0.2082866741321389,2012,Medium
138,Boston Celtics,0.333,48.8,82.3,28.5,69.0,0.413,6.8,20.7,0.331,18.5,21.5,0.86,2012-13,R1 Exit,0.3,0.24787363304981774,2012,Medium
139,Denver Nuggets,0.333,48.0,103.0,37.2,84.8,0.43799999999999994,7.0,22.5,0.311,21.7,29.7,0.73,2012-13,R1 Exit,0.2653301886792453,0.20388349514563106,2012,Low
140,Houston Rockets,0.333,48.0,100.0,34.3,81.0,0.424,11.7,33.7,0.34700000000000003,19.7,27.7,0.711,2012-13,R1 Exit,0.4160493827160494,0.3509999999999999,2012,Medium
141,Los Angeles Clippers,0.333,48.0,94.7,35.2,75.3,0.467,5.8,19.2,0.304,18.5,23.7,0.782,2012-13,R1 Exit,0.2549800796812749,0.1837381203801478,2012,Low
142,Los Angeles Lakers,0.0,48.0,85.3,34.5,78.0,0.442,5.0,18.5,0.27,11.3,18.5,0.608,2012-13,R1 Exit,0.23717948717948717,0.1758499413833529,2012,Low
143,Milwaukee Bucks,0.0,48.0,85.3,33.3,76.8,0.433,6.0,23.0,0.261,12.8,20.3,0.63,2012-13,R1 Exit,0.2994791666666667,0.21101992966002345,2012,Low
144,San Antonio Spurs,0.714,48.0,102.0,37.9,78.9,0.48100000000000004,9.4,22.6,0.41600000000000004,16.7,22.9,0.731,2011-12,Conf Finals,0.2864385297845374,0.27647058823529413,2011,High
145,Miami Heat,0.696,48.4,97.3,35.0,76.0,0.46,6.8,19.7,0.34700000000000003,20.6,27.7,0.7440000000000001,2011-12,Champion,0.25921052631578945,0.20966084275436792,2011,Medium
146,Oklahoma City Thunder,0.65,48.0,101.3,37.2,80.0,0.465,6.8,19.2,0.355,20.1,24.5,0.82,2011-12,Finals,0.24,0.20138203356367226,2011,Medium
147,Boston Celtics,0.55,48.8,89.5,33.8,77.2,0.43799999999999994,4.7,16.3,0.285,17.3,21.6,0.799,2011-12,Conf Finals,0.211139896373057,0.1575418994413408,2011,Low
148,Indiana Pacers,0.545,48.5,90.9,33.7,79.5,0.424,5.7,17.9,0.32,17.7,23.0,0.7709999999999999,2011-12,Conf Semis,0.2251572327044025,0.18811881188118812,2011,Low
149,Philadelphia 76ers,0.538,48.0,85.7,32.1,78.1,0.41100000000000003,4.0,13.2,0.304,17.5,24.4,0.7190000000000001,2011-12,Conf Semis,0.16901408450704225,0.14002333722287047,2011,Low
150,Denver Nuggets,0.429,48.0,96.7,38.4,89.3,0.43,5.3,19.0,0.278,14.6,20.3,0.718,2011-12,R1 Exit,0.2127659574468085,0.16442605997931745,2011,Low
151,Memphis Grizzlies,0.429,48.7,91.4,32.6,76.3,0.42700000000000005,3.4,11.9,0.289,22.9,30.7,0.7440000000000001,2011-12,R1 Exit,0.1559633027522936,0.11159737417943105,2011,Low
152,Los Angeles Lakers,0.417,48.0,94.0,35.2,83.2,0.423,5.3,17.3,0.304,18.4,23.7,0.778,2011-12,Conf Semis,0.20793269230769232,0.16914893617021276,2011,Low
153,Los Angeles Clippers,0.364,48.5,90.9,34.5,75.3,0.45799999999999996,6.2,16.4,0.37799999999999995,15.8,23.7,0.667,2011-12,Conf Semis,0.21779548472775564,0.20462046204620463,2011,High
154,Atlanta Hawks,0.333,48.8,82.2,31.8,79.3,0.401,5.8,18.8,0.31,12.7,16.2,0.784,2011-12,R1 Exit,0.23707440100882726,0.21167883211678828,2011,Low
155,Chicago Bulls,0.333,48.0,84.3,34.0,80.7,0.42100000000000004,4.3,12.7,0.342,12.0,18.5,0.649,2011-12,R1 Exit,0.15737298636926889,0.15302491103202845,2011,Medium
156,New York Knicks,0.2,48.0,82.8,30.6,73.4,0.41700000000000004,5.0,18.2,0.275,16.6,21.8,0.7609999999999999,2011-12,R1 Exit,0.24795640326975474,0.18115942028985507,2011,Low
157,Orlando Magic,0.2,49.0,83.8,31.0,77.8,0.39799999999999996,8.4,24.6,0.341,13.4,19.0,0.705,2011-12,R1 Exit,0.3161953727506427,0.30071599045346065,2011,Medium
158,Dallas Mavericks,0.0,48.0,93.3,31.5,78.0,0.40399999999999997,8.0,21.5,0.37200000000000005,22.3,26.8,0.8320000000000001,2011-12,R1 Exit,0.27564102564102566,0.2572347266881029,2011,High
159,Utah Jazz,0.0,48.0,86.3,32.8,85.8,0.382,2.3,11.3,0.2,18.5,26.3,0.705,2011-12,R1 Exit,0.1317016317016317,0.07995365005793742,2011,Low
160,Dallas Mavericks,0.762,48.2,98.2,34.5,74.9,0.461,8.8,22.2,0.39399999999999996,20.5,25.4,0.809,2010-11,Champion,0.2963951935914552,0.26883910386965376,2010,High
161,Miami Heat,0.667,48.5,92.8,32.6,73.3,0.445,5.9,17.9,0.331,21.6,27.8,0.777,2010-11,Finals,0.2442019099590723,0.1907327586206897,2010,Medium
162,Chicago Bulls,0.563,48.3,92.5,34.0,80.6,0.42200000000000004,6.3,19.2,0.32899999999999996,18.2,23.2,0.784,2010-11,Conf Finals,0.23821339950372208,0.20432432432432432,2010,Medium
163,Boston Celtics,0.556,48.6,94.7,35.8,76.9,0.465,7.4,16.0,0.465,15.7,20.1,0.779,2010-11,Conf Semis,0.20806241872561768,0.2344244984160507,2010,High
164,Memphis Grizzlies,0.538,49.9,98.6,36.7,84.0,0.43700000000000006,3.8,12.1,0.318,21.4,28.2,0.76,2010-11,Conf Semis,0.14404761904761904,0.11561866125760649,2010,Low
165,Oklahoma City Thunder,0.529,49.5,102.5,35.3,79.7,0.44299999999999995,6.3,19.9,0.316,25.6,31.4,0.816,2010-11,Conf Finals,0.2496863237139272,0.18439024390243902,2010,Low
166,Atlanta Hawks,0.5,48.0,86.3,32.9,75.8,0.434,4.5,13.9,0.32299999999999995,15.9,21.9,0.726,2010-11,Conf Semis,0.18337730870712401,0.15643105446118194,2010,Low
167,Los Angeles Lakers,0.4,48.0,93.2,34.7,77.8,0.446,4.8,16.6,0.289,19.0,24.5,0.7759999999999999,2010-11,Conf Semis,0.21336760925449874,0.15450643776824033,2010,Low
168,New Orleans Hornets,0.333,48.0,89.3,32.8,71.8,0.457,4.5,14.0,0.321,19.2,25.8,0.742,2010-11,R1 Exit,0.19498607242339833,0.1511758118701008,2010,Low
169,Orlando Magic,0.333,48.0,88.7,31.0,75.8,0.409,6.2,23.5,0.262,20.5,27.8,0.737,2010-11,R1 Exit,0.3100263852242744,0.20969560315670802,2010,Low
170,Portland Trail Blazers,0.333,48.0,88.2,33.2,73.2,0.45299999999999996,5.0,16.7,0.3,16.8,21.5,0.7829999999999999,2010-11,R1 Exit,0.22814207650273222,0.17006802721088435,2010,Low
171,San Antonio Spurs,0.333,48.8,94.3,33.7,77.2,0.436,5.3,18.2,0.294,21.7,28.5,0.76,2010-11,R1 Exit,0.23575129533678754,0.16861081654294802,2010,Low
172,Denver Nuggets,0.2,48.0,97.4,32.6,77.0,0.423,6.8,18.4,0.37,25.4,36.0,0.706,2010-11,R1 Exit,0.23896103896103893,0.20944558521560572,2010,High
173,Indiana Pacers,0.2,48.0,90.2,32.8,80.2,0.409,5.8,15.4,0.377,18.8,24.4,0.77,2010-11,R1 Exit,0.19201995012468828,0.19290465631929044,2010,High
174,Philadelphia 76ers,0.2,48.0,86.6,33.8,81.6,0.414,6.4,16.4,0.39,12.6,17.4,0.7240000000000001,2010-11,R1 Exit,0.20098039215686275,0.2217090069284065,2010,High
175,New York Knicks,0.0,48.0,90.8,32.0,83.0,0.386,8.3,23.8,0.34700000000000003,18.5,24.8,0.747,2010-11,R1 Exit,0.28674698795180725,0.27422907488986786,2010,Medium
176,Orlando Magic,0.714,48.4,96.6,32.8,70.8,0.46299999999999997,9.9,26.9,0.366,21.1,30.1,0.701,2009-10,Conf Finals,0.3799435028248587,0.30745341614906835,2009,High
177,Los Angeles Lakers,0.696,48.0,101.1,37.3,81.2,0.46,6.8,20.7,0.33,19.6,26.0,0.754,2009-10,Champion,0.25492610837438423,0.20178041543026706,2009,Medium
178,Boston Celtics,0.625,48.2,93.9,34.3,75.7,0.45299999999999996,5.8,16.0,0.363,19.5,25.8,0.755,2009-10,Finals,0.21136063408190223,0.18530351437699677,2009,High
179,Phoenix Suns,0.625,48.0,107.1,38.0,79.6,0.47700000000000004,9.4,24.4,0.384,21.8,28.1,0.773,2009-10,Conf Finals,0.3065326633165829,0.2633053221288516,2009,High
180,Cleveland Cavaliers,0.545,48.0,100.2,34.9,74.5,0.469,7.2,20.6,0.348,23.2,31.3,0.741,2009-10,Conf Semis,0.276510067114094,0.2155688622754491,2009,Medium
181,Milwaukee Bucks,0.429,48.0,90.0,33.7,79.6,0.424,6.6,21.3,0.309,16.0,19.9,0.8059999999999999,2009-10,R1 Exit,0.2675879396984925,0.21999999999999997,2009,Low
182,San Antonio Spurs,0.4,48.0,96.1,36.4,78.5,0.46399999999999997,4.8,14.2,0.33799999999999997,18.5,26.6,0.695,2009-10,Conf Semis,0.18089171974522292,0.14984391259105098,2009,Medium
183,Utah Jazz,0.4,48.0,107.1,38.1,79.5,0.479,6.5,17.4,0.374,24.4,33.5,0.728,2009-10,Conf Semis,0.21886792452830187,0.18207282913165268,2009,High
184,Atlanta Hawks,0.364,48.0,89.5,33.8,79.6,0.425,4.5,13.6,0.33299999999999996,17.3,22.0,0.785,2009-10,Conf Semis,0.17085427135678394,0.15083798882681565,2009,Medium
185,Dallas Mavericks,0.333,48.0,92.8,34.0,79.3,0.429,6.3,19.3,0.32799999999999996,18.5,23.3,0.7929999999999999,2009-10,R1 Exit,0.24337957124842372,0.20366379310344826,2009,Medium
186,Denver Nuggets,0.333,48.0,109.3,37.3,78.5,0.47600000000000003,6.5,18.2,0.358,28.2,36.8,0.765,2009-10,R1 Exit,0.2318471337579618,0.17840805123513268,2009,Medium
187,Oklahoma City Thunder,0.333,48.0,93.8,30.7,78.5,0.391,5.5,18.5,0.297,27.0,32.3,0.835,2009-10,R1 Exit,0.2356687898089172,0.17590618336886993,2009,Low
188,Portland Trail Blazers,0.333,48.0,93.0,33.0,76.8,0.43,6.3,16.7,0.38,20.7,28.0,0.738,2009-10,R1 Exit,0.21744791666666666,0.2032258064516129,2009,High
189,Chicago Bulls,0.2,48.0,97.0,37.8,86.2,0.439,3.2,10.8,0.29600000000000004,18.2,22.8,0.7979999999999999,2009-10,R1 Exit,0.12529002320185614,0.09896907216494846,2009,Low
190,Miami Heat,0.2,48.0,87.6,33.6,77.2,0.435,6.8,18.2,0.374,13.6,18.6,0.731,2009-10,R1 Exit,0.23575129533678754,0.2328767123287671,2009,High
191,Charlotte Bobcats,0.0,48.0,85.5,31.3,70.5,0.44299999999999995,4.8,17.0,0.27899999999999997,18.3,25.5,0.716,2009-10,R1 Exit,0.24113475177304963,0.16842105263157894,2009,Low
192,Cleveland Cavaliers,0.714,48.4,97.6,34.8,75.1,0.46299999999999997,6.6,19.8,0.336,21.4,28.8,0.742,2008-09,Conf Finals,0.2636484687083888,0.20286885245901637,2008,Medium
193,Los Angeles Lakers,0.696,48.4,102.4,37.4,80.5,0.465,7.0,18.4,0.377,20.6,27.5,0.747,2008-09,Champion,0.22857142857142856,0.205078125,2008,High
194,Denver Nuggets,0.625,48.0,107.9,37.3,78.4,0.475,8.1,21.1,0.38299999999999995,25.4,33.4,0.759,2008-09,Conf Finals,0.26913265306122447,0.22520852641334566,2008,High
195,Orlando Magic,0.542,48.6,97.0,34.5,75.4,0.457,8.4,23.3,0.36,19.6,27.1,0.722,2008-09,Finals,0.3090185676392573,0.2597938144329897,2008,Medium
196,Houston Rockets,0.538,48.0,91.5,34.0,76.1,0.447,6.6,20.2,0.32799999999999996,16.8,21.9,0.768,2008-09,Conf Semis,0.2654402102496715,0.2163934426229508,2008,Medium
197,Boston Celtics,0.5,50.5,102.1,37.4,84.1,0.445,6.7,18.6,0.36,20.6,26.0,0.7909999999999999,2008-09,Conf Semis,0.22116527942925093,0.19686581782566115,2008,Medium
198,Dallas Mavericks,0.5,48.0,101.6,35.6,75.7,0.47,7.3,20.6,0.354,23.1,28.4,0.813,2008-09,Conf Semis,0.27212681638044917,0.2155511811023622,2008,Medium
199,Chicago Bulls,0.429,53.0,108.3,38.4,87.1,0.441,7.3,19.3,0.37799999999999995,24.1,29.9,0.809,2008-09,R1 Exit,0.22158438576349027,0.20221606648199444,2008,High
200,Miami Heat,0.429,48.0,88.1,31.3,69.6,0.45,7.1,20.0,0.35700000000000004,18.4,22.6,0.816,2008-09,R1 Exit,0.2873563218390805,0.24177071509648126,2008,Medium
201,Atlanta Hawks,0.364,48.0,84.0,30.1,73.6,0.409,6.1,17.5,0.34700000000000003,17.7,23.8,0.7440000000000001,2008-09,Conf Semis,0.2377717391304348,0.21785714285714283,2008,Medium
202,Philadelphia 76ers,0.333,48.0,88.5,34.0,75.0,0.45299999999999996,5.8,15.8,0.368,14.7,20.7,0.71,2008-09,R1 Exit,0.21066666666666667,0.1966101694915254,2008,High
203,Portland Trail Blazers,0.333,48.0,87.2,33.3,74.5,0.447,5.5,14.2,0.38799999999999996,15.0,19.7,0.763,2008-09,R1 Exit,0.19060402684563757,0.18922018348623854,2008,High
204,New Orleans Hornets,0.2,48.0,84.2,27.8,70.2,0.396,6.0,18.4,0.326,22.6,28.0,0.807,2008-09,R1 Exit,0.2621082621082621,0.21377672209026127,2008,Low
205,San Antonio Spurs,0.2,48.0,90.4,35.0,76.6,0.457,5.8,17.6,0.33,14.6,20.6,0.7090000000000001,2008-09,R1 Exit,0.22976501305483032,0.19247787610619466,2008,Medium
206,Utah Jazz,0.2,48.0,97.4,35.0,81.0,0.43200000000000005,5.0,14.6,0.342,22.4,30.2,0.742,2008-09,R1 Exit,0.18024691358024691,0.15400410677618068,2008,Medium
207,Detroit Pistons,0.0,48.0,78.0,31.5,77.0,0.409,3.0,12.3,0.245,12.0,14.5,0.828,2008-09,R1 Exit,0.15974025974025974,0.11538461538461539,2008,Low
208,Los Angeles Lakers,0.667,48.2,102.4,36.8,78.6,0.46799999999999997,7.0,19.0,0.36700000000000005,22.0,29.1,0.753,2007-08,Finals,0.24173027989821885,0.205078125,2007,High
209,Boston Celtics,0.615,48.0,94.0,33.6,75.1,0.447,6.0,16.8,0.359,20.8,26.6,0.7829999999999999,2007-08,Champion,0.22370173102529964,0.19148936170212766,2007,Medium
210,Detroit Pistons,0.588,48.0,91.4,33.9,74.5,0.455,4.5,13.3,0.341,19.1,23.8,0.802,2007-08,Conf Finals,0.17852348993288591,0.14770240700218817,2007,Medium
211,New Orleans Hornets,0.583,48.0,96.6,37.6,81.0,0.46399999999999997,5.8,14.0,0.41100000000000003,15.7,20.3,0.774,2007-08,Conf Semis,0.1728395061728395,0.18012422360248448,2007,High
212,Cleveland Cavaliers,0.538,48.0,89.9,31.1,74.1,0.42,6.7,19.4,0.345,21.1,29.2,0.721,2007-08,Conf Semis,0.261808367071525,0.2235817575083426,2007,Medium
213,San Antonio Spurs,0.529,48.6,94.1,35.5,79.7,0.446,7.5,20.1,0.375,15.5,20.8,0.745,2007-08,Conf Finals,0.25219573400250944,0.23910733262486716,2007,High
214,Orlando Magic,0.5,48.0,97.1,35.4,75.4,0.469,9.0,25.3,0.35600000000000004,17.3,24.3,0.7120000000000001,2007-08,Conf Semis,0.3355437665782493,0.2780638516992791,2007,Medium
215,Utah Jazz,0.5,48.4,98.9,36.4,81.8,0.445,5.8,16.7,0.35,20.3,27.0,0.75,2007-08,Conf Semis,0.2041564792176039,0.17593528816986853,2007,Medium
216,Atlanta Hawks,0.429,48.0,87.1,29.3,71.3,0.41100000000000003,4.0,12.4,0.322,24.6,31.4,0.782,2007-08,R1 Exit,0.1739130434782609,0.13777267508610794,2007,Low
217,Houston Rockets,0.333,48.0,88.0,32.2,78.7,0.409,5.8,20.0,0.292,17.8,26.2,0.682,2007-08,R1 Exit,0.25412960609911056,0.19772727272727272,2007,Low
218,Philadelphia 76ers,0.333,48.0,85.8,31.2,74.7,0.41700000000000004,1.8,7.8,0.23399999999999999,21.7,30.0,0.722,2007-08,R1 Exit,0.10441767068273092,0.06293706293706294,2007,Low
219,Washington Wizards,0.333,48.0,92.2,32.0,75.2,0.426,6.0,19.7,0.305,22.2,29.0,0.764,2007-08,R1 Exit,0.261968085106383,0.19522776572668113,2007,Low
220,Dallas Mavericks,0.2,48.0,94.0,31.6,78.8,0.401,7.2,20.8,0.34600000000000003,23.6,30.0,0.787,2007-08,R1 Exit,0.2639593908629442,0.22978723404255322,2007,Medium
221,Phoenix Suns,0.2,50.0,100.4,38.0,82.4,0.461,5.0,14.8,0.33799999999999997,19.4,30.4,0.638,2007-08,R1 Exit,0.1796116504854369,0.149402390438247,2007,Medium
222,Toronto Raptors,0.2,48.0,99.4,37.2,85.6,0.435,8.4,24.0,0.35,16.6,19.2,0.865,2007-08,R1 Exit,0.28037383177570097,0.2535211267605634,2007,Medium
223,Denver Nuggets,0.0,48.0,101.5,37.8,88.5,0.42700000000000005,4.5,18.0,0.25,21.5,29.0,0.741,2007-08,R1 Exit,0.2033898305084746,0.1330049261083744,2007,Low
224,San Antonio Spurs,0.8,48.0,95.7,35.3,76.8,0.45899999999999996,7.6,19.7,0.384,17.6,24.3,0.7240000000000001,2006-07,Champion,0.2565104166666667,0.23824451410658304,2006,High
225,Detroit Pistons,0.625,48.6,91.4,32.7,76.0,0.43,5.8,16.6,0.35,20.2,26.3,0.767,2006-07,Conf Finals,0.21842105263157896,0.19037199124726475,2006,Medium
226,Chicago Bulls,0.6,48.0,92.4,32.5,75.6,0.43,5.9,16.6,0.355,21.5,29.5,0.7290000000000001,2006-07,Conf Semis,0.21957671957671962,0.19155844155844157,2006,Medium
227,Cleveland Cavaliers,0.6,48.5,88.8,32.1,76.3,0.42100000000000004,5.4,16.6,0.326,19.2,26.1,0.737,2006-07,Finals,0.21756225425950199,0.18243243243243246,2006,Low
228,Phoenix Suns,0.545,48.0,104.1,39.0,81.8,0.47700000000000004,7.1,18.7,0.379,19.0,24.4,0.78,2006-07,Conf Semis,0.22860635696821516,0.20461095100864551,2006,High
229,Utah Jazz,0.529,48.3,97.9,36.4,79.4,0.45899999999999996,4.3,12.6,0.341,20.8,27.7,0.7490000000000001,2006-07,Conf Finals,0.1586901763224181,0.13176710929519916,2006,Medium
230,New Jersey Nets,0.5,48.0,90.2,32.6,73.3,0.444,7.7,20.8,0.368,17.3,23.3,0.743,2006-07,Conf Semis,0.2837653478854025,0.25609756097560976,2006,High
231,Golden State Warriors,0.455,48.5,106.6,36.5,81.2,0.45,11.1,31.0,0.358,22.5,30.5,0.735,2006-07,Conf Semis,0.3817733990147783,0.3123827392120075,2006,Medium
232,Houston Rockets,0.429,48.0,87.3,29.7,72.4,0.41,7.1,22.3,0.321,20.7,26.3,0.7879999999999999,2006-07,R1 Exit,0.30801104972375687,0.2439862542955326,2006,Low
233,Dallas Mavericks,0.333,48.0,98.5,34.2,80.8,0.423,7.0,22.2,0.316,23.2,30.0,0.772,2006-07,R1 Exit,0.2747524752475248,0.2131979695431472,2006,Low
234,Toronto Raptors,0.333,48.0,90.8,32.5,73.5,0.442,5.3,14.5,0.368,20.5,25.5,0.804,2006-07,R1 Exit,0.19727891156462585,0.1751101321585903,2006,High
235,Denver Nuggets,0.2,48.0,88.2,33.6,79.4,0.423,4.6,14.4,0.319,16.4,21.0,0.7809999999999999,2006-07,R1 Exit,0.181360201511335,0.15646258503401358,2006,Low
236,Los Angeles Lakers,0.2,48.0,98.0,38.0,86.0,0.442,6.4,19.8,0.32299999999999995,15.6,21.6,0.722,2006-07,R1 Exit,0.2302325581395349,0.1959183673469388,2006,Low
237,Miami Heat,0.0,48.0,88.8,33.3,74.8,0.445,5.5,17.0,0.324,16.8,27.3,0.615,2006-07,R1 Exit,0.2272727272727273,0.18581081081081083,2006,Low
238,Orlando Magic,0.0,48.0,88.0,34.5,72.3,0.478,2.5,7.3,0.345,16.5,28.5,0.579,2006-07,R1 Exit,0.10096818810511757,0.08522727272727272,2006,Medium
239,Washington Wizards,0.0,48.0,91.5,34.3,83.0,0.413,6.3,20.5,0.305,16.8,21.8,0.77,2006-07,R1 Exit,0.2469879518072289,0.2065573770491803,2006,Low
240,Miami Heat,0.696,48.2,96.3,34.8,72.4,0.48100000000000004,6.3,19.1,0.33299999999999996,20.3,30.9,0.655,2005-06,Champion,0.2638121546961326,0.19626168224299065,2005,Medium
241,Dallas Mavericks,0.609,48.9,99.7,36.1,80.1,0.451,4.8,15.1,0.317,22.7,28.0,0.809,2005-06,Finals,0.1885143570536829,0.14443329989969908,2005,Low
242,Los Angeles Clippers,0.583,48.8,105.7,39.7,80.8,0.491,4.5,11.9,0.37799999999999995,21.8,26.8,0.816,2005-06,Conf Semis,0.1472772277227723,0.12771996215704826,2005,High
243,Detroit Pistons,0.556,48.0,91.7,32.1,74.3,0.43200000000000005,6.9,18.5,0.37200000000000005,20.6,28.4,0.7240000000000001,2005-06,Conf Finals,0.2489905787348587,0.22573609596510363,2005,High
244,Cleveland Cavaliers,0.538,48.8,90.4,33.6,76.8,0.43700000000000006,4.2,13.2,0.32,18.9,24.8,0.764,2005-06,Conf Semis,0.171875,0.13938053097345132,2005,Low
245,San Antonio Spurs,0.538,49.2,103.1,36.5,74.1,0.49200000000000005,6.0,15.3,0.392,24.2,31.1,0.777,2005-06,Conf Semis,0.2064777327935223,0.17458777885548013,2005,High
246,Phoenix Suns,0.5,49.0,107.2,40.1,83.1,0.48200000000000004,9.2,23.5,0.391,17.9,21.6,0.831,2005-06,Conf Finals,0.282791817087846,0.25746268656716415,2005,High
247,New Jersey Nets,0.455,48.0,94.2,34.3,75.8,0.452,5.4,17.5,0.307,20.3,26.6,0.7609999999999999,2005-06,Conf Semis,0.23087071240105542,0.17197452229299365,2005,Low
248,Los Angeles Lakers,0.429,49.4,100.6,37.7,83.1,0.45399999999999996,7.1,21.4,0.33299999999999996,18.0,23.6,0.764,2005-06,R1 Exit,0.2575210589651023,0.21172962226640157,2005,Medium
249,Chicago Bulls,0.333,48.0,98.3,34.0,76.3,0.445,7.8,19.8,0.395,22.5,30.3,0.742,2005-06,R1 Exit,0.2595019659239843,0.2380467955239064,2005,High
250,Indiana Pacers,0.333,48.0,89.3,31.2,70.3,0.44299999999999995,6.7,19.5,0.342,20.3,27.2,0.748,2005-06,R1 Exit,0.2773826458036984,0.2250839865621501,2005,Medium
251,Sacramento Kings,0.333,48.8,97.3,34.7,78.2,0.44299999999999995,5.2,15.7,0.33,22.8,28.8,0.792,2005-06,R1 Exit,0.20076726342710996,0.1603288797533402,2005,Medium
252,Washington Wizards,0.333,49.7,101.7,35.3,78.7,0.449,6.2,19.2,0.322,24.8,33.3,0.745,2005-06,R1 Exit,0.2439644218551461,0.18289085545722714,2005,Low
253,Denver Nuggets,0.2,48.0,87.4,32.6,85.8,0.38,3.0,13.6,0.221,19.2,26.4,0.727,2005-06,R1 Exit,0.1585081585081585,0.10297482837528603,2005,Low
254,Milwaukee Bucks,0.2,48.0,97.6,37.8,80.2,0.47100000000000003,5.2,12.4,0.419,16.8,21.4,0.785,2005-06,R1 Exit,0.1546134663341646,0.1598360655737705,2005,High
255,Memphis Grizzlies,0.0,49.3,84.3,30.0,66.5,0.451,3.8,12.0,0.313,20.5,28.3,0.726,2005-06,R1 Exit,0.18045112781954886,0.13523131672597863,2005,Low
256,Miami Heat,0.733,48.7,98.0,36.0,73.1,0.49200000000000005,6.0,15.5,0.38799999999999996,20.0,29.9,0.6679999999999999,2004-05,Conf Finals,0.21203830369357046,0.1836734693877551,2004,High
257,San Antonio Spurs,0.696,48.4,96.9,34.7,76.5,0.45399999999999996,7.1,18.3,0.389,20.4,28.0,0.727,2004-05,Champion,0.23921568627450981,0.21981424148606807,2004,High
258,Detroit Pistons,0.6,48.4,90.3,34.5,79.0,0.43700000000000006,4.5,13.9,0.326,16.8,22.6,0.742,2004-05,Finals,0.1759493670886076,0.14950166112956811,2004,Low
259,Phoenix Suns,0.6,48.3,112.0,41.8,84.8,0.493,8.6,19.7,0.436,19.8,25.8,0.767,2004-05,Conf Finals,0.23231132075471697,0.23035714285714284,2004,High
260,Seattle SuperSonics,0.545,48.0,98.5,35.5,77.5,0.45799999999999996,4.8,15.7,0.306,22.8,28.5,0.799,2004-05,Conf Semis,0.20258064516129032,0.1461928934010152,2004,Low
261,Dallas Mavericks,0.462,48.4,105.2,38.1,84.2,0.452,6.6,17.5,0.379,22.4,28.5,0.7859999999999999,2004-05,Conf Semis,0.20783847980997625,0.18821292775665396,2004,High
262,Indiana Pacers,0.462,48.4,84.0,28.8,73.0,0.395,5.6,17.8,0.316,20.7,26.4,0.784,2004-05,Conf Semis,0.24383561643835616,0.19999999999999996,2004,Low
263,Boston Celtics,0.429,48.7,87.7,32.9,74.3,0.442,4.9,14.9,0.327,17.1,22.7,0.755,2004-05,R1 Exit,0.20053835800807537,0.1676168757126568,2004,Low
264,Houston Rockets,0.429,48.0,97.6,35.0,75.1,0.466,7.1,17.7,0.40299999999999997,20.4,25.9,0.79,2004-05,R1 Exit,0.23568575233022637,0.21823770491803277,2004,High
265,Washington Wizards,0.4,48.0,100.4,35.1,82.6,0.425,5.6,18.8,0.298,24.6,33.8,0.728,2004-05,Conf Semis,0.22760290556900728,0.16733067729083662,2004,Low
266,Chicago Bulls,0.333,48.0,102.5,35.5,84.7,0.419,9.0,23.2,0.38799999999999996,22.5,31.2,0.722,2004-05,R1 Exit,0.2739079102715466,0.2634146341463415,2004,High
267,Denver Nuggets,0.2,49.0,90.2,32.8,78.6,0.41700000000000004,2.2,8.4,0.262,22.4,30.4,0.737,2004-05,R1 Exit,0.1068702290076336,0.07317073170731708,2004,Low
268,Philadelphia 76ers,0.2,49.0,90.8,34.8,79.6,0.43700000000000006,6.6,19.4,0.34,14.6,20.4,0.716,2004-05,R1 Exit,0.24371859296482412,0.21806167400881055,2004,Medium
269,Sacramento Kings,0.2,48.0,102.2,38.4,86.2,0.445,5.8,20.8,0.27899999999999997,19.6,24.6,0.797,2004-05,R1 Exit,0.24129930394431554,0.17025440313111545,2004,Low
270,Memphis Grizzlies,0.0,48.0,102.8,41.5,87.8,0.473,7.8,19.8,0.392,12.0,17.0,0.706,2004-05,R1 Exit,0.22551252847380412,0.22762645914396887,2004,High
271,New Jersey Nets,0.0,50.5,96.8,33.5,84.8,0.395,6.3,21.5,0.29100000000000004,23.5,31.3,0.752,2004-05,R1 Exit,0.2535377358490566,0.1952479338842975,2004,Low
272,Detroit Pistons,0.696,48.9,87.1,31.4,76.3,0.41200000000000003,4.2,13.9,0.304,20.1,27.3,0.7340000000000001,2003-04,Champion,0.18217562254259503,0.14466130884041334,2003,Low
273,New Jersey Nets,0.636,49.4,88.2,30.8,72.8,0.423,4.5,16.4,0.272,22.1,30.3,0.73,2003-04,Conf Semis,0.22527472527472525,0.15306122448979592,2003,Low
274,Indiana Pacers,0.625,48.0,85.5,30.7,75.1,0.408,5.9,17.8,0.33299999999999996,18.2,24.8,0.733,2003-04,Conf Finals,0.23701731025299602,0.20701754385964916,2003,Medium
275,San Antonio Spurs,0.6,48.0,89.3,33.5,76.2,0.44,6.9,18.9,0.365,15.4,23.9,0.644,2003-04,Conf Semis,0.2480314960629921,0.23180291153415458,2003,High
276,Los Angeles Lakers,0.591,48.5,88.1,33.0,74.5,0.444,5.0,15.5,0.321,17.1,27.9,0.612,2003-04,Finals,0.2080536912751678,0.17026106696935303,2003,Low
277,Sacramento Kings,0.583,48.4,95.2,35.3,82.9,0.425,5.8,16.8,0.348,18.8,24.8,0.758,2003-04,Conf Semis,0.20265379975874548,0.18277310924369747,2003,Medium
278,Minnesota Timberwolves,0.556,48.3,91.9,33.9,77.1,0.441,5.9,15.2,0.387,18.2,23.3,0.78,2003-04,Conf Finals,0.19714656290531776,0.19260065288356912,2003,High
279,Miami Heat,0.462,48.0,84.1,30.5,74.8,0.408,3.7,13.4,0.276,19.3,25.6,0.754,2003-04,Conf Semis,0.179144385026738,0.1319857312722949,2003,Low
280,New Orleans Hornets,0.429,48.0,80.6,29.3,76.3,0.384,5.9,18.6,0.315,16.1,20.7,0.779,2003-04,R1 Exit,0.24377457404980343,0.21960297766749384,2003,Low
281,Dallas Mavericks,0.2,48.0,99.6,38.2,96.4,0.396,5.0,17.4,0.287,18.2,23.6,0.7709999999999999,2003-04,R1 Exit,0.1804979253112033,0.15060240963855423,2003,Low
282,Denver Nuggets,0.2,48.0,90.6,37.2,87.2,0.42700000000000005,4.4,13.0,0.33799999999999997,11.8,16.8,0.7020000000000001,2003-04,R1 Exit,0.14908256880733944,0.14569536423841062,2003,Medium
283,Houston Rockets,0.2,49.0,84.6,31.8,74.4,0.42700000000000005,4.6,15.2,0.303,16.4,22.8,0.7190000000000001,2003-04,R1 Exit,0.2043010752688172,0.1631205673758865,2003,Low
284,Milwaukee Bucks,0.2,48.0,85.6,32.4,77.8,0.41600000000000004,4.8,14.4,0.33299999999999996,16.0,21.6,0.741,2003-04,R1 Exit,0.18508997429305915,0.16822429906542055,2003,Medium
285,Boston Celtics,0.0,48.0,84.5,28.8,70.5,0.408,5.3,15.8,0.33299999999999996,21.8,27.0,0.8059999999999999,2003-04,R1 Exit,0.22411347517730498,0.18816568047337276,2003,Medium
286,Memphis Grizzlies,0.0,48.0,83.5,30.8,72.5,0.424,3.8,12.8,0.294,18.3,23.5,0.777,2003-04,R1 Exit,0.17655172413793105,0.1365269461077844,2003,Low
287,New York Knicks,0.0,48.0,84.0,30.8,80.0,0.384,4.3,14.5,0.293,18.3,25.3,0.723,2003-04,R1 Exit,0.18125,0.15357142857142855,2003,Low
288,New Jersey Nets,0.7,48.8,93.7,34.2,80.6,0.425,4.7,13.3,0.35,20.6,27.1,0.762,2002-03,Finals,0.16501240694789085,0.1504802561366062,2002,Medium
289,San Antonio Spurs,0.667,48.2,94.8,33.8,76.8,0.441,5.3,15.2,0.35100000000000003,21.8,30.6,0.7120000000000001,2002-03,Champion,0.19791666666666666,0.16772151898734175,2002,Medium
290,Sacramento Kings,0.583,48.8,107.9,39.3,85.5,0.45899999999999996,6.8,18.4,0.36700000000000005,22.7,29.2,0.777,2002-03,Conf Semis,0.2152046783625731,0.18906394810009267,2002,High
291,Dallas Mavericks,0.5,48.5,104.1,38.7,86.1,0.45,9.2,23.2,0.397,17.5,21.1,0.8290000000000001,2002-03,Conf Finals,0.2694541231126597,0.26512968299711814,2002,High
292,Los Angeles Lakers,0.5,48.4,100.3,37.3,83.3,0.44799999999999995,7.1,20.0,0.354,18.5,26.1,0.7090000000000001,2002-03,Conf Semis,0.24009603841536614,0.21236291126620138,2002,Medium
293,Philadelphia 76ers,0.5,48.8,92.1,33.7,75.9,0.44299999999999995,3.8,10.7,0.35200000000000004,21.0,26.2,0.8029999999999999,2002-03,Conf Semis,0.14097496706192356,0.12377850162866448,2002,Medium
294,Detroit Pistons,0.471,48.6,89.9,30.2,73.8,0.41,6.7,19.1,0.35200000000000004,22.8,30.7,0.741,2002-03,Conf Finals,0.2588075880758808,0.2235817575083426,2002,Medium
295,Orlando Magic,0.429,48.0,87.6,31.0,73.1,0.424,5.1,16.3,0.316,20.4,26.1,0.7809999999999999,2002-03,R1 Exit,0.2229822161422709,0.17465753424657535,2002,Low
296,Portland Trail Blazers,0.429,48.0,101.3,36.4,79.0,0.461,6.3,17.0,0.37,22.1,29.4,0.752,2002-03,R1 Exit,0.21518987341772153,0.18657453109575517,2002,High
297,Boston Celtics,0.4,49.5,94.6,33.4,79.1,0.42200000000000004,8.6,24.3,0.354,19.2,24.0,0.8,2002-03,Conf Semis,0.3072060682680152,0.2727272727272727,2002,Medium
298,Indiana Pacers,0.333,48.8,91.2,30.2,77.7,0.38799999999999996,5.2,17.7,0.292,25.7,32.5,0.79,2002-03,R1 Exit,0.2277992277992278,0.17105263157894737,2002,Low
299,Milwaukee Bucks,0.333,48.8,97.8,36.5,79.5,0.45899999999999996,6.3,17.0,0.373,18.5,24.8,0.745,2002-03,R1 Exit,0.2138364779874214,0.19325153374233128,2002,High
300,Minnesota Timberwolves,0.333,48.8,100.5,37.5,81.0,0.46299999999999997,4.7,14.0,0.33299999999999996,20.8,25.8,0.8059999999999999,2002-03,R1 Exit,0.1728395061728395,0.14029850746268657,2002,Medium
301,New Orleans Hornets,0.333,48.0,92.8,33.8,77.2,0.43799999999999994,6.3,17.2,0.369,18.8,25.3,0.743,2002-03,R1 Exit,0.22279792746113988,0.20366379310344826,2002,High
302,Phoenix Suns,0.333,48.8,85.2,32.3,83.7,0.386,4.7,15.7,0.298,15.8,22.2,0.7140000000000001,2002-03,R1 Exit,0.18757467144563916,0.16549295774647887,2002,Low
303,Utah Jazz,0.2,48.0,93.0,33.8,77.8,0.434,1.8,6.8,0.265,23.6,30.0,0.787,2002-03,R1 Exit,0.08740359897172237,0.05806451612903226,2002,Low
304,Los Angeles Lakers,0.789,48.3,97.8,35.7,80.5,0.444,6.1,18.0,0.33899999999999997,20.3,28.1,0.721,2001-02,Finals,0.2236024844720497,0.1871165644171779,2001,Medium
305,Sacramento Kings,0.625,48.6,101.1,36.9,82.4,0.44799999999999995,5.0,16.2,0.309,22.2,29.9,0.741,2001-02,Conf Finals,0.19660194174757278,0.1483679525222552,2001,Low
306,Boston Celtics,0.563,48.0,91.3,32.8,78.4,0.418,7.9,22.9,0.34299999999999997,17.8,22.9,0.774,2001-02,Conf Finals,0.29209183673469385,0.25958378970427165,2001,Medium
307,New Jersey Nets,0.55,48.5,95.4,35.9,82.9,0.43200000000000005,4.2,14.6,0.285,19.5,26.9,0.726,2001-02,Conf Finals,0.1761158021712907,0.1320754716981132,2001,Low
308,Dallas Mavericks,0.5,48.6,109.0,39.8,88.0,0.452,8.4,22.1,0.379,21.1,25.3,0.8370000000000001,2001-02,Conf Semis,0.25113636363636366,0.23119266055045873,2001,High
309,Charlotte Hornets,0.444,49.1,96.1,34.1,81.0,0.42100000000000004,4.4,12.2,0.364,23.4,32.3,0.725,2001-02,Conf Semis,0.15061728395061727,0.1373569198751301,2001,High
310,Detroit Pistons,0.4,48.0,83.0,29.4,73.6,0.39899999999999997,8.0,22.6,0.354,16.2,22.4,0.723,2001-02,Conf Semis,0.3070652173913044,0.2891566265060241,2001,Medium
311,Indiana Pacers,0.4,50.0,91.6,34.8,76.0,0.45799999999999996,4.8,11.8,0.40700000000000003,17.2,22.6,0.7609999999999999,2001-02,R1 Exit,0.15526315789473685,0.1572052401746725,2001,High
312,Philadelphia 76ers,0.4,48.0,89.0,30.4,73.6,0.413,4.0,13.0,0.308,24.2,32.0,0.7559999999999999,2001-02,R1 Exit,0.1766304347826087,0.1348314606741573,2001,Low
313,San Antonio Spurs,0.4,48.0,91.1,32.9,76.2,0.43200000000000005,5.0,14.7,0.34,20.3,26.6,0.763,2001-02,Conf Semis,0.19291338582677164,0.16465422612513722,2001,Medium
314,Seattle SuperSonics,0.4,48.0,86.2,34.2,79.6,0.43,4.8,12.2,0.39299999999999996,13.0,19.0,0.684,2001-02,R1 Exit,0.15326633165829145,0.1670533642691415,2001,High
315,Toronto Raptors,0.4,48.0,83.8,32.6,77.2,0.42200000000000004,3.4,10.6,0.321,15.2,20.6,0.738,2001-02,R1 Exit,0.13730569948186527,0.12171837708830549,2001,Low
316,Orlando Magic,0.25,50.5,93.8,33.3,78.5,0.424,4.3,16.5,0.258,23.0,31.0,0.742,2001-02,R1 Exit,0.21019108280254778,0.13752665245202558,2001,Low
317,Utah Jazz,0.25,48.0,88.0,33.0,79.5,0.415,3.5,11.5,0.304,18.5,27.0,0.685,2001-02,R1 Exit,0.14465408805031446,0.11931818181818182,2001,Low
318,Minnesota Timberwolves,0.0,48.0,102.0,36.0,81.0,0.444,5.0,12.7,0.395,25.0,34.7,0.721,2001-02,R1 Exit,0.1567901234567901,0.14705882352941177,2001,High
319,Portland Trail Blazers,0.0,48.0,91.3,31.3,82.0,0.382,6.7,18.0,0.37,22.0,27.7,0.795,2001-02,R1 Exit,0.21951219512195122,0.22015334063526837,2001,High
320,Los Angeles Lakers,0.938,48.3,103.4,38.3,81.8,0.46799999999999997,6.1,15.9,0.386,20.8,30.7,0.6759999999999999,2000-01,Finals,0.19437652811735942,0.17698259187620885,2000,High
321,Charlotte Hornets,0.6,48.0,95.7,33.9,78.1,0.434,4.4,12.0,0.36700000000000005,23.5,31.4,0.748,2000-01,Conf Semis,0.1536491677336748,0.13793103448275862,2000,High
322,Milwaukee Bucks,0.556,48.3,95.7,35.0,80.6,0.434,6.7,17.6,0.38299999999999995,18.9,23.7,0.8,2000-01,Conf Finals,0.21836228287841195,0.21003134796238246,2000,High
323,San Antonio Spurs,0.538,48.0,91.5,33.4,76.1,0.439,5.5,15.2,0.364,19.2,26.8,0.716,2000-01,Conf Semis,0.1997371879106439,0.18032786885245902,2000,High
324,Philadelphia 76ers,0.522,48.2,92.3,34.0,80.8,0.42100000000000004,3.8,11.4,0.336,20.4,26.9,0.7609999999999999,2000-01,Finals,0.1410891089108911,0.12351029252437702,2000,Medium
325,Toronto Raptors,0.5,48.0,92.2,35.3,79.5,0.44299999999999995,5.9,15.1,0.392,15.8,20.8,0.7559999999999999,2000-01,Conf Semis,0.18993710691823898,0.19197396963123647,2000,High
326,Dallas Mavericks,0.4,48.0,92.2,32.2,80.8,0.39899999999999997,6.1,17.2,0.355,21.7,25.6,0.848,2000-01,Conf Semis,0.21287128712871287,0.19848156182212578,2000,Medium
327,New York Knicks,0.4,48.0,89.0,33.4,71.4,0.46799999999999997,4.0,11.8,0.33899999999999997,18.2,23.4,0.778,2000-01,R1 Exit,0.16526610644257703,0.1348314606741573,2000,Medium
328,Utah Jazz,0.4,48.0,89.6,33.0,77.8,0.424,3.6,11.0,0.327,20.0,25.8,0.775,2000-01,R1 Exit,0.14138817480719795,0.1205357142857143,2000,Low
329,Sacramento Kings,0.375,48.0,97.6,34.6,86.0,0.40299999999999997,5.0,14.3,0.35100000000000003,23.4,28.6,0.8170000000000001,2000-01,R1 Exit,0.16627906976744186,0.15368852459016394,2000,Medium
330,Indiana Pacers,0.25,48.0,87.3,32.8,82.3,0.39799999999999996,6.3,18.3,0.342,15.5,18.8,0.8270000000000001,2000-01,R1 Exit,0.22235722964763063,0.21649484536082472,2000,Medium
331,Minnesota Timberwolves,0.25,48.0,82.0,30.8,79.5,0.387,3.0,10.0,0.3,17.5,21.5,0.8140000000000001,2000-01,R1 Exit,0.12578616352201258,0.10975609756097561,2000,Low
332,Orlando Magic,0.25,49.3,102.8,39.0,89.8,0.435,8.0,20.5,0.39,16.8,24.5,0.684,2000-01,R1 Exit,0.22828507795100222,0.23346303501945526,2000,High
333,Phoenix Suns,0.25,48.0,88.5,34.0,89.5,0.38,4.3,17.0,0.25,16.3,22.8,0.7140000000000001,2000-01,R1 Exit,0.18994413407821228,0.14576271186440676,2000,Low
334,Miami Heat,0.0,48.0,78.3,29.7,72.3,0.41,5.3,16.7,0.32,13.7,19.3,0.7070000000000001,2000-01,R1 Exit,0.23098201936376211,0.20306513409961685,2000,Low
335,Portland Trail Blazers,0.0,48.0,89.0,32.0,76.3,0.419,5.3,20.3,0.262,19.7,26.0,0.7559999999999999,2000-01,R1 Exit,0.26605504587155965,0.1786516853932584,2000,Low
